TimeQuest Timing Analyzer report for temporizador
Sun Oct 12 07:46:04 2025
Quartus II 64-Bit Version 13.1.0 Build 162 10/23/2013 SJ Web Edition


---------------------
; Table of Contents ;
---------------------
  1. Legal Notice
  2. TimeQuest Timing Analyzer Summary
  3. Parallel Compilation
  4. Clocks
  5. Slow 1100mV 85C Model Fmax Summary
  6. Timing Closure Recommendations
  7. Slow 1100mV 85C Model Setup Summary
  8. Slow 1100mV 85C Model Hold Summary
  9. Slow 1100mV 85C Model Recovery Summary
 10. Slow 1100mV 85C Model Removal Summary
 11. Slow 1100mV 85C Model Minimum Pulse Width Summary
 12. Setup Times
 13. Hold Times
 14. Clock to Output Times
 15. Minimum Clock to Output Times
 16. Slow 1100mV 85C Model Metastability Report
 17. Slow 1100mV 0C Model Fmax Summary
 18. Slow 1100mV 0C Model Setup Summary
 19. Slow 1100mV 0C Model Hold Summary
 20. Slow 1100mV 0C Model Recovery Summary
 21. Slow 1100mV 0C Model Removal Summary
 22. Slow 1100mV 0C Model Minimum Pulse Width Summary
 23. Setup Times
 24. Hold Times
 25. Clock to Output Times
 26. Minimum Clock to Output Times
 27. Slow 1100mV 0C Model Metastability Report
 28. Fast 1100mV 85C Model Setup Summary
 29. Fast 1100mV 85C Model Hold Summary
 30. Fast 1100mV 85C Model Recovery Summary
 31. Fast 1100mV 85C Model Removal Summary
 32. Fast 1100mV 85C Model Minimum Pulse Width Summary
 33. Setup Times
 34. Hold Times
 35. Clock to Output Times
 36. Minimum Clock to Output Times
 37. Fast 1100mV 85C Model Metastability Report
 38. Fast 1100mV 0C Model Setup Summary
 39. Fast 1100mV 0C Model Hold Summary
 40. Fast 1100mV 0C Model Recovery Summary
 41. Fast 1100mV 0C Model Removal Summary
 42. Fast 1100mV 0C Model Minimum Pulse Width Summary
 43. Setup Times
 44. Hold Times
 45. Clock to Output Times
 46. Minimum Clock to Output Times
 47. Fast 1100mV 0C Model Metastability Report
 48. Multicorner Timing Analysis Summary
 49. Setup Times
 50. Hold Times
 51. Clock to Output Times
 52. Minimum Clock to Output Times
 53. Board Trace Model Assignments
 54. Input Transition Times
 55. Signal Integrity Metrics (Slow 1100mv 0c Model)
 56. Signal Integrity Metrics (Slow 1100mv 85c Model)
 57. Signal Integrity Metrics (Fast 1100mv 0c Model)
 58. Signal Integrity Metrics (Fast 1100mv 85c Model)
 59. Setup Transfers
 60. Hold Transfers
 61. Report TCCS
 62. Report RSKM
 63. Unconstrained Paths
 64. TimeQuest Timing Analyzer Messages



----------------
; Legal Notice ;
----------------
Copyright (C) 1991-2013 Altera Corporation
Your use of Altera Corporation's design tools, logic functions 
and other software and tools, and its AMPP partner logic 
functions, and any output files from any of the foregoing 
(including device programming or simulation files), and any 
associated documentation or information are expressly subject 
to the terms and conditions of the Altera Program License 
Subscription Agreement, Altera MegaCore Function License 
Agreement, or other applicable license agreement, including, 
without limitation, that your use is for the sole purpose of 
programming logic devices manufactured by Altera and sold by 
Altera or its authorized distributors.  Please refer to the 
applicable agreement for further details.



+-------------------------------------------------------------------------+
; TimeQuest Timing Analyzer Summary                                       ;
+--------------------+----------------------------------------------------+
; Quartus II Version ; Version 13.1.0 Build 162 10/23/2013 SJ Web Edition ;
; Revision Name      ; temporizador                                       ;
; Device Family      ; Cyclone V                                          ;
; Device Name        ; 5CEBA4F23C7                                        ;
; Timing Models      ; Final                                              ;
; Delay Model        ; Combined                                           ;
; Rise/Fall Delays   ; Enabled                                            ;
+--------------------+----------------------------------------------------+


+------------------------------------------+
; Parallel Compilation                     ;
+----------------------------+-------------+
; Processors                 ; Number      ;
+----------------------------+-------------+
; Number detected on machine ; 12          ;
; Maximum allowed            ; 12          ;
;                            ;             ;
; Average used               ; 1.00        ;
; Maximum used               ; 12          ;
;                            ;             ;
; Usage by Processor         ; % Time Used ;
;     Processor 1            ; 100.0%      ;
;     Processors 2-12        ; < 0.1%      ;
+----------------------------+-------------+


+--------------------------------------------------------------------------------------------------------------------------------------------------------------------------------------+
; Clocks                                                                                                                                                                               ;
+------------+------+--------+------------+-------+-------+------------+-----------+-------------+-------+--------+-----------+------------+----------+--------+--------+--------------+
; Clock Name ; Type ; Period ; Frequency  ; Rise  ; Fall  ; Duty Cycle ; Divide by ; Multiply by ; Phase ; Offset ; Edge List ; Edge Shift ; Inverted ; Master ; Source ; Targets      ;
+------------+------+--------+------------+-------+-------+------------+-----------+-------------+-------+--------+-----------+------------+----------+--------+--------+--------------+
; CLOCK_50   ; Base ; 1.000  ; 1000.0 MHz ; 0.000 ; 0.500 ;            ;           ;             ;       ;        ;           ;            ;          ;        ;        ; { CLOCK_50 } ;
+------------+------+--------+------------+-------+-------+------------+-----------+-------------+-------+--------+-----------+------------+----------+--------+--------+--------------+


+--------------------------------------------------+
; Slow 1100mV 85C Model Fmax Summary               ;
+------------+-----------------+------------+------+
; Fmax       ; Restricted Fmax ; Clock Name ; Note ;
+------------+-----------------+------------+------+
; 303.12 MHz ; 303.12 MHz      ; CLOCK_50   ;      ;
+------------+-----------------+------------+------+
This panel reports FMAX for every clock in the design, regardless of the user-specified clock periods.  FMAX is only computed for paths where the source and destination registers or ports are driven by the same clock.  Paths of different clocks, including generated clocks, are ignored.  For paths between a clock and its inversion, FMAX is computed as if the rising and falling edges are scaled along with FMAX, such that the duty cycle (in terms of a percentage) is maintained. Altera recommends that you always use clock constraints and other slack reports for sign-off analysis.


----------------------------------
; Timing Closure Recommendations ;
----------------------------------
HTML report is unavailable in plain text report export.


+-------------------------------------+
; Slow 1100mV 85C Model Setup Summary ;
+----------+--------+-----------------+
; Clock    ; Slack  ; End Point TNS   ;
+----------+--------+-----------------+
; CLOCK_50 ; -2.299 ; -122.181        ;
+----------+--------+-----------------+


+------------------------------------+
; Slow 1100mV 85C Model Hold Summary ;
+----------+-------+-----------------+
; Clock    ; Slack ; End Point TNS   ;
+----------+-------+-----------------+
; CLOCK_50 ; 0.366 ; 0.000           ;
+----------+-------+-----------------+


------------------------------------------
; Slow 1100mV 85C Model Recovery Summary ;
------------------------------------------
No paths to report.


-----------------------------------------
; Slow 1100mV 85C Model Removal Summary ;
-----------------------------------------
No paths to report.


+---------------------------------------------------+
; Slow 1100mV 85C Model Minimum Pulse Width Summary ;
+----------+--------+-------------------------------+
; Clock    ; Slack  ; End Point TNS                 ;
+----------+--------+-------------------------------+
; CLOCK_50 ; -0.538 ; -72.718                       ;
+----------+--------+-------------------------------+


+-----------------------------------------------------------------------+
; Setup Times                                                           ;
+-----------+------------+-------+-------+------------+-----------------+
; Data Port ; Clock Port ; Rise  ; Fall  ; Clock Edge ; Clock Reference ;
+-----------+------------+-------+-------+------------+-----------------+
; A         ; CLOCK_50   ; 1.003 ; 1.357 ; Rise       ; CLOCK_50        ;
; B         ; CLOCK_50   ; 0.329 ; 0.683 ; Rise       ; CLOCK_50        ;
+-----------+------------+-------+-------+------------+-----------------+


+------------------------------------------------------------------------+
; Hold Times                                                             ;
+-----------+------------+-------+--------+------------+-----------------+
; Data Port ; Clock Port ; Rise  ; Fall   ; Clock Edge ; Clock Reference ;
+-----------+------------+-------+--------+------------+-----------------+
; A         ; CLOCK_50   ; 0.014 ; -0.252 ; Rise       ; CLOCK_50        ;
; B         ; CLOCK_50   ; 0.668 ; 0.440  ; Rise       ; CLOCK_50        ;
+-----------+------------+-------+--------+------------+-----------------+


+-------------------------------------------------------------------------+
; Clock to Output Times                                                   ;
+-----------+------------+--------+--------+------------+-----------------+
; Data Port ; Clock Port ; Rise   ; Fall   ; Clock Edge ; Clock Reference ;
+-----------+------------+--------+--------+------------+-----------------+
; HEX0[*]   ; CLOCK_50   ; 11.096 ; 11.331 ; Rise       ; CLOCK_50        ;
;  HEX0[0]  ; CLOCK_50   ; 11.086 ; 11.218 ; Rise       ; CLOCK_50        ;
;  HEX0[1]  ; CLOCK_50   ; 11.018 ; 11.163 ; Rise       ; CLOCK_50        ;
;  HEX0[2]  ; CLOCK_50   ; 11.094 ; 11.212 ; Rise       ; CLOCK_50        ;
;  HEX0[3]  ; CLOCK_50   ; 11.096 ; 11.244 ; Rise       ; CLOCK_50        ;
;  HEX0[4]  ; CLOCK_50   ; 10.948 ; 11.265 ; Rise       ; CLOCK_50        ;
;  HEX0[5]  ; CLOCK_50   ; 10.990 ; 11.331 ; Rise       ; CLOCK_50        ;
;  HEX0[6]  ; CLOCK_50   ; 11.040 ; 10.907 ; Rise       ; CLOCK_50        ;
; HEX1[*]   ; CLOCK_50   ; 11.121 ; 11.511 ; Rise       ; CLOCK_50        ;
;  HEX1[0]  ; CLOCK_50   ; 10.199 ; 10.425 ; Rise       ; CLOCK_50        ;
;  HEX1[1]  ; CLOCK_50   ; 10.892 ; 11.511 ; Rise       ; CLOCK_50        ;
;  HEX1[2]  ; CLOCK_50   ; 10.559 ; 11.005 ; Rise       ; CLOCK_50        ;
;  HEX1[3]  ; CLOCK_50   ; 9.997  ; 10.133 ; Rise       ; CLOCK_50        ;
;  HEX1[4]  ; CLOCK_50   ; 10.396 ; 10.851 ; Rise       ; CLOCK_50        ;
;  HEX1[5]  ; CLOCK_50   ; 10.209 ; 10.392 ; Rise       ; CLOCK_50        ;
;  HEX1[6]  ; CLOCK_50   ; 11.121 ; 10.775 ; Rise       ; CLOCK_50        ;
; HEX2[*]   ; CLOCK_50   ; 18.042 ; 18.441 ; Rise       ; CLOCK_50        ;
;  HEX2[0]  ; CLOCK_50   ; 18.042 ; 18.441 ; Rise       ; CLOCK_50        ;
;  HEX2[1]  ; CLOCK_50   ; 17.256 ; 17.513 ; Rise       ; CLOCK_50        ;
;  HEX2[2]  ; CLOCK_50   ; 17.595 ; 18.046 ; Rise       ; CLOCK_50        ;
;  HEX2[3]  ; CLOCK_50   ; 17.080 ; 17.191 ; Rise       ; CLOCK_50        ;
;  HEX2[4]  ; CLOCK_50   ; 17.406 ; 17.537 ; Rise       ; CLOCK_50        ;
;  HEX2[5]  ; CLOCK_50   ; 17.886 ; 18.219 ; Rise       ; CLOCK_50        ;
;  HEX2[6]  ; CLOCK_50   ; 17.855 ; 17.674 ; Rise       ; CLOCK_50        ;
; HEX3[*]   ; CLOCK_50   ; 17.586 ; 17.656 ; Rise       ; CLOCK_50        ;
;  HEX3[0]  ; CLOCK_50   ; 16.994 ; 17.157 ; Rise       ; CLOCK_50        ;
;  HEX3[1]  ; CLOCK_50   ; 17.179 ; 17.316 ; Rise       ; CLOCK_50        ;
;  HEX3[2]  ; CLOCK_50   ; 16.594 ; 17.151 ; Rise       ; CLOCK_50        ;
;  HEX3[3]  ; CLOCK_50   ; 17.329 ; 17.656 ; Rise       ; CLOCK_50        ;
;  HEX3[4]  ; CLOCK_50   ; 17.471 ; 17.646 ; Rise       ; CLOCK_50        ;
;  HEX3[5]  ; CLOCK_50   ; 17.517 ; 17.422 ; Rise       ; CLOCK_50        ;
;  HEX3[6]  ; CLOCK_50   ; 17.586 ; 16.999 ; Rise       ; CLOCK_50        ;
; HEX4[*]   ; CLOCK_50   ; 18.057 ; 18.669 ; Rise       ; CLOCK_50        ;
;  HEX4[0]  ; CLOCK_50   ; 18.057 ; 18.458 ; Rise       ; CLOCK_50        ;
;  HEX4[1]  ; CLOCK_50   ; 17.314 ; 17.616 ; Rise       ; CLOCK_50        ;
;  HEX4[2]  ; CLOCK_50   ; 17.121 ; 17.400 ; Rise       ; CLOCK_50        ;
;  HEX4[3]  ; CLOCK_50   ; 18.055 ; 18.669 ; Rise       ; CLOCK_50        ;
;  HEX4[4]  ; CLOCK_50   ; 17.555 ; 18.125 ; Rise       ; CLOCK_50        ;
;  HEX4[5]  ; CLOCK_50   ; 17.235 ; 17.524 ; Rise       ; CLOCK_50        ;
;  HEX4[6]  ; CLOCK_50   ; 17.333 ; 17.058 ; Rise       ; CLOCK_50        ;
; HEX5[*]   ; CLOCK_50   ; 17.494 ; 18.035 ; Rise       ; CLOCK_50        ;
;  HEX5[0]  ; CLOCK_50   ; 16.689 ; 17.140 ; Rise       ; CLOCK_50        ;
;  HEX5[1]  ; CLOCK_50   ; 16.272 ; 16.597 ; Rise       ; CLOCK_50        ;
;  HEX5[2]  ; CLOCK_50   ; 16.565 ; 17.036 ; Rise       ; CLOCK_50        ;
;  HEX5[3]  ; CLOCK_50   ; 16.152 ; 16.362 ; Rise       ; CLOCK_50        ;
;  HEX5[4]  ; CLOCK_50   ; 17.421 ; 18.035 ; Rise       ; CLOCK_50        ;
;  HEX5[5]  ; CLOCK_50   ; 17.494 ; 17.918 ; Rise       ; CLOCK_50        ;
;  HEX5[6]  ; CLOCK_50   ; 16.459 ; 16.226 ; Rise       ; CLOCK_50        ;
+-----------+------------+--------+--------+------------+-----------------+


+-------------------------------------------------------------------------+
; Minimum Clock to Output Times                                           ;
+-----------+------------+--------+--------+------------+-----------------+
; Data Port ; Clock Port ; Rise   ; Fall   ; Clock Edge ; Clock Reference ;
+-----------+------------+--------+--------+------------+-----------------+
; HEX0[*]   ; CLOCK_50   ; 9.162  ; 9.235  ; Rise       ; CLOCK_50        ;
;  HEX0[0]  ; CLOCK_50   ; 9.186  ; 9.287  ; Rise       ; CLOCK_50        ;
;  HEX0[1]  ; CLOCK_50   ; 9.265  ; 9.462  ; Rise       ; CLOCK_50        ;
;  HEX0[2]  ; CLOCK_50   ; 9.162  ; 9.445  ; Rise       ; CLOCK_50        ;
;  HEX0[3]  ; CLOCK_50   ; 9.186  ; 9.309  ; Rise       ; CLOCK_50        ;
;  HEX0[4]  ; CLOCK_50   ; 9.198  ; 9.526  ; Rise       ; CLOCK_50        ;
;  HEX0[5]  ; CLOCK_50   ; 9.338  ; 9.648  ; Rise       ; CLOCK_50        ;
;  HEX0[6]  ; CLOCK_50   ; 9.377  ; 9.235  ; Rise       ; CLOCK_50        ;
; HEX1[*]   ; CLOCK_50   ; 8.581  ; 8.802  ; Rise       ; CLOCK_50        ;
;  HEX1[0]  ; CLOCK_50   ; 8.728  ; 8.885  ; Rise       ; CLOCK_50        ;
;  HEX1[1]  ; CLOCK_50   ; 9.336  ; 9.980  ; Rise       ; CLOCK_50        ;
;  HEX1[2]  ; CLOCK_50   ; 9.093  ; 9.559  ; Rise       ; CLOCK_50        ;
;  HEX1[3]  ; CLOCK_50   ; 8.733  ; 8.890  ; Rise       ; CLOCK_50        ;
;  HEX1[4]  ; CLOCK_50   ; 8.938  ; 9.396  ; Rise       ; CLOCK_50        ;
;  HEX1[5]  ; CLOCK_50   ; 8.581  ; 8.802  ; Rise       ; CLOCK_50        ;
;  HEX1[6]  ; CLOCK_50   ; 9.493  ; 9.226  ; Rise       ; CLOCK_50        ;
; HEX2[*]   ; CLOCK_50   ; 9.062  ; 9.175  ; Rise       ; CLOCK_50        ;
;  HEX2[0]  ; CLOCK_50   ; 9.952  ; 10.232 ; Rise       ; CLOCK_50        ;
;  HEX2[1]  ; CLOCK_50   ; 9.296  ; 9.442  ; Rise       ; CLOCK_50        ;
;  HEX2[2]  ; CLOCK_50   ; 9.885  ; 10.006 ; Rise       ; CLOCK_50        ;
;  HEX2[3]  ; CLOCK_50   ; 9.062  ; 9.175  ; Rise       ; CLOCK_50        ;
;  HEX2[4]  ; CLOCK_50   ; 9.406  ; 9.761  ; Rise       ; CLOCK_50        ;
;  HEX2[5]  ; CLOCK_50   ; 9.742  ; 10.311 ; Rise       ; CLOCK_50        ;
;  HEX2[6]  ; CLOCK_50   ; 9.896  ; 9.838  ; Rise       ; CLOCK_50        ;
; HEX3[*]   ; CLOCK_50   ; 10.456 ; 10.598 ; Rise       ; CLOCK_50        ;
;  HEX3[0]  ; CLOCK_50   ; 10.462 ; 10.598 ; Rise       ; CLOCK_50        ;
;  HEX3[1]  ; CLOCK_50   ; 10.628 ; 10.744 ; Rise       ; CLOCK_50        ;
;  HEX3[2]  ; CLOCK_50   ; 10.456 ; 10.662 ; Rise       ; CLOCK_50        ;
;  HEX3[3]  ; CLOCK_50   ; 10.741 ; 10.988 ; Rise       ; CLOCK_50        ;
;  HEX3[4]  ; CLOCK_50   ; 10.546 ; 10.935 ; Rise       ; CLOCK_50        ;
;  HEX3[5]  ; CLOCK_50   ; 10.842 ; 11.102 ; Rise       ; CLOCK_50        ;
;  HEX3[6]  ; CLOCK_50   ; 10.980 ; 10.810 ; Rise       ; CLOCK_50        ;
; HEX4[*]   ; CLOCK_50   ; 9.010  ; 8.944  ; Rise       ; CLOCK_50        ;
;  HEX4[0]  ; CLOCK_50   ; 9.680  ; 9.990  ; Rise       ; CLOCK_50        ;
;  HEX4[1]  ; CLOCK_50   ; 9.310  ; 9.550  ; Rise       ; CLOCK_50        ;
;  HEX4[2]  ; CLOCK_50   ; 9.010  ; 9.254  ; Rise       ; CLOCK_50        ;
;  HEX4[3]  ; CLOCK_50   ; 9.690  ; 10.138 ; Rise       ; CLOCK_50        ;
;  HEX4[4]  ; CLOCK_50   ; 9.705  ; 10.084 ; Rise       ; CLOCK_50        ;
;  HEX4[5]  ; CLOCK_50   ; 9.344  ; 9.742  ; Rise       ; CLOCK_50        ;
;  HEX4[6]  ; CLOCK_50   ; 9.088  ; 8.944  ; Rise       ; CLOCK_50        ;
; HEX5[*]   ; CLOCK_50   ; 9.353  ; 9.460  ; Rise       ; CLOCK_50        ;
;  HEX5[0]  ; CLOCK_50   ; 9.812  ; 10.179 ; Rise       ; CLOCK_50        ;
;  HEX5[1]  ; CLOCK_50   ; 9.457  ; 9.673  ; Rise       ; CLOCK_50        ;
;  HEX5[2]  ; CLOCK_50   ; 9.943  ; 10.298 ; Rise       ; CLOCK_50        ;
;  HEX5[3]  ; CLOCK_50   ; 9.353  ; 9.460  ; Rise       ; CLOCK_50        ;
;  HEX5[4]  ; CLOCK_50   ; 10.674 ; 11.072 ; Rise       ; CLOCK_50        ;
;  HEX5[5]  ; CLOCK_50   ; 10.549 ; 10.978 ; Rise       ; CLOCK_50        ;
;  HEX5[6]  ; CLOCK_50   ; 9.677  ; 9.504  ; Rise       ; CLOCK_50        ;
+-----------+------------+--------+--------+------------+-----------------+


----------------------------------------------
; Slow 1100mV 85C Model Metastability Report ;
----------------------------------------------
No synchronizer chains to report.


+--------------------------------------------------+
; Slow 1100mV 0C Model Fmax Summary                ;
+------------+-----------------+------------+------+
; Fmax       ; Restricted Fmax ; Clock Name ; Note ;
+------------+-----------------+------------+------+
; 303.86 MHz ; 303.86 MHz      ; CLOCK_50   ;      ;
+------------+-----------------+------------+------+
This panel reports FMAX for every clock in the design, regardless of the user-specified clock periods.  FMAX is only computed for paths where the source and destination registers or ports are driven by the same clock.  Paths of different clocks, including generated clocks, are ignored.  For paths between a clock and its inversion, FMAX is computed as if the rising and falling edges are scaled along with FMAX, such that the duty cycle (in terms of a percentage) is maintained. Altera recommends that you always use clock constraints and other slack reports for sign-off analysis.


+------------------------------------+
; Slow 1100mV 0C Model Setup Summary ;
+----------+--------+----------------+
; Clock    ; Slack  ; End Point TNS  ;
+----------+--------+----------------+
; CLOCK_50 ; -2.291 ; -121.828       ;
+----------+--------+----------------+


+-----------------------------------+
; Slow 1100mV 0C Model Hold Summary ;
+----------+-------+----------------+
; Clock    ; Slack ; End Point TNS  ;
+----------+-------+----------------+
; CLOCK_50 ; 0.351 ; 0.000          ;
+----------+-------+----------------+


-----------------------------------------
; Slow 1100mV 0C Model Recovery Summary ;
-----------------------------------------
No paths to report.


----------------------------------------
; Slow 1100mV 0C Model Removal Summary ;
----------------------------------------
No paths to report.


+--------------------------------------------------+
; Slow 1100mV 0C Model Minimum Pulse Width Summary ;
+----------+--------+------------------------------+
; Clock    ; Slack  ; End Point TNS                ;
+----------+--------+------------------------------+
; CLOCK_50 ; -0.538 ; -73.945                      ;
+----------+--------+------------------------------+


+-----------------------------------------------------------------------+
; Setup Times                                                           ;
+-----------+------------+-------+-------+------------+-----------------+
; Data Port ; Clock Port ; Rise  ; Fall  ; Clock Edge ; Clock Reference ;
+-----------+------------+-------+-------+------------+-----------------+
; A         ; CLOCK_50   ; 0.849 ; 1.249 ; Rise       ; CLOCK_50        ;
; B         ; CLOCK_50   ; 0.221 ; 0.606 ; Rise       ; CLOCK_50        ;
+-----------+------------+-------+-------+------------+-----------------+


+------------------------------------------------------------------------+
; Hold Times                                                             ;
+-----------+------------+-------+--------+------------+-----------------+
; Data Port ; Clock Port ; Rise  ; Fall   ; Clock Edge ; Clock Reference ;
+-----------+------------+-------+--------+------------+-----------------+
; A         ; CLOCK_50   ; 0.172 ; -0.137 ; Rise       ; CLOCK_50        ;
; B         ; CLOCK_50   ; 0.773 ; 0.522  ; Rise       ; CLOCK_50        ;
+-----------+------------+-------+--------+------------+-----------------+


+-------------------------------------------------------------------------+
; Clock to Output Times                                                   ;
+-----------+------------+--------+--------+------------+-----------------+
; Data Port ; Clock Port ; Rise   ; Fall   ; Clock Edge ; Clock Reference ;
+-----------+------------+--------+--------+------------+-----------------+
; HEX0[*]   ; CLOCK_50   ; 11.069 ; 11.338 ; Rise       ; CLOCK_50        ;
;  HEX0[0]  ; CLOCK_50   ; 11.068 ; 11.241 ; Rise       ; CLOCK_50        ;
;  HEX0[1]  ; CLOCK_50   ; 11.024 ; 11.186 ; Rise       ; CLOCK_50        ;
;  HEX0[2]  ; CLOCK_50   ; 11.069 ; 11.226 ; Rise       ; CLOCK_50        ;
;  HEX0[3]  ; CLOCK_50   ; 11.067 ; 11.247 ; Rise       ; CLOCK_50        ;
;  HEX0[4]  ; CLOCK_50   ; 10.876 ; 11.268 ; Rise       ; CLOCK_50        ;
;  HEX0[5]  ; CLOCK_50   ; 10.932 ; 11.338 ; Rise       ; CLOCK_50        ;
;  HEX0[6]  ; CLOCK_50   ; 11.044 ; 10.894 ; Rise       ; CLOCK_50        ;
; HEX1[*]   ; CLOCK_50   ; 11.106 ; 11.551 ; Rise       ; CLOCK_50        ;
;  HEX1[0]  ; CLOCK_50   ; 10.095 ; 10.382 ; Rise       ; CLOCK_50        ;
;  HEX1[1]  ; CLOCK_50   ; 10.910 ; 11.551 ; Rise       ; CLOCK_50        ;
;  HEX1[2]  ; CLOCK_50   ; 10.395 ; 10.982 ; Rise       ; CLOCK_50        ;
;  HEX1[3]  ; CLOCK_50   ; 9.876  ; 10.071 ; Rise       ; CLOCK_50        ;
;  HEX1[4]  ; CLOCK_50   ; 10.356 ; 10.850 ; Rise       ; CLOCK_50        ;
;  HEX1[5]  ; CLOCK_50   ; 10.116 ; 10.351 ; Rise       ; CLOCK_50        ;
;  HEX1[6]  ; CLOCK_50   ; 11.106 ; 10.705 ; Rise       ; CLOCK_50        ;
; HEX2[*]   ; CLOCK_50   ; 18.590 ; 18.981 ; Rise       ; CLOCK_50        ;
;  HEX2[0]  ; CLOCK_50   ; 18.590 ; 18.981 ; Rise       ; CLOCK_50        ;
;  HEX2[1]  ; CLOCK_50   ; 17.700 ; 18.033 ; Rise       ; CLOCK_50        ;
;  HEX2[2]  ; CLOCK_50   ; 18.059 ; 18.561 ; Rise       ; CLOCK_50        ;
;  HEX2[3]  ; CLOCK_50   ; 17.498 ; 17.717 ; Rise       ; CLOCK_50        ;
;  HEX2[4]  ; CLOCK_50   ; 17.936 ; 18.081 ; Rise       ; CLOCK_50        ;
;  HEX2[5]  ; CLOCK_50   ; 18.279 ; 18.750 ; Rise       ; CLOCK_50        ;
;  HEX2[6]  ; CLOCK_50   ; 18.392 ; 18.168 ; Rise       ; CLOCK_50        ;
; HEX3[*]   ; CLOCK_50   ; 17.979 ; 18.088 ; Rise       ; CLOCK_50        ;
;  HEX3[0]  ; CLOCK_50   ; 17.366 ; 17.551 ; Rise       ; CLOCK_50        ;
;  HEX3[1]  ; CLOCK_50   ; 17.563 ; 17.713 ; Rise       ; CLOCK_50        ;
;  HEX3[2]  ; CLOCK_50   ; 16.930 ; 17.542 ; Rise       ; CLOCK_50        ;
;  HEX3[3]  ; CLOCK_50   ; 17.704 ; 18.051 ; Rise       ; CLOCK_50        ;
;  HEX3[4]  ; CLOCK_50   ; 17.897 ; 18.088 ; Rise       ; CLOCK_50        ;
;  HEX3[5]  ; CLOCK_50   ; 17.898 ; 17.784 ; Rise       ; CLOCK_50        ;
;  HEX3[6]  ; CLOCK_50   ; 17.979 ; 17.318 ; Rise       ; CLOCK_50        ;
; HEX4[*]   ; CLOCK_50   ; 18.496 ; 19.135 ; Rise       ; CLOCK_50        ;
;  HEX4[0]  ; CLOCK_50   ; 18.438 ; 18.916 ; Rise       ; CLOCK_50        ;
;  HEX4[1]  ; CLOCK_50   ; 17.697 ; 18.037 ; Rise       ; CLOCK_50        ;
;  HEX4[2]  ; CLOCK_50   ; 17.459 ; 17.786 ; Rise       ; CLOCK_50        ;
;  HEX4[3]  ; CLOCK_50   ; 18.496 ; 19.135 ; Rise       ; CLOCK_50        ;
;  HEX4[4]  ; CLOCK_50   ; 17.981 ; 18.591 ; Rise       ; CLOCK_50        ;
;  HEX4[5]  ; CLOCK_50   ; 17.683 ; 17.974 ; Rise       ; CLOCK_50        ;
;  HEX4[6]  ; CLOCK_50   ; 17.719 ; 17.387 ; Rise       ; CLOCK_50        ;
; HEX5[*]   ; CLOCK_50   ; 17.907 ; 18.484 ; Rise       ; CLOCK_50        ;
;  HEX5[0]  ; CLOCK_50   ; 17.156 ; 17.640 ; Rise       ; CLOCK_50        ;
;  HEX5[1]  ; CLOCK_50   ; 16.716 ; 17.065 ; Rise       ; CLOCK_50        ;
;  HEX5[2]  ; CLOCK_50   ; 17.031 ; 17.563 ; Rise       ; CLOCK_50        ;
;  HEX5[3]  ; CLOCK_50   ; 16.560 ; 16.815 ; Rise       ; CLOCK_50        ;
;  HEX5[4]  ; CLOCK_50   ; 17.749 ; 18.484 ; Rise       ; CLOCK_50        ;
;  HEX5[5]  ; CLOCK_50   ; 17.907 ; 18.424 ; Rise       ; CLOCK_50        ;
;  HEX5[6]  ; CLOCK_50   ; 16.952 ; 16.676 ; Rise       ; CLOCK_50        ;
+-----------+------------+--------+--------+------------+-----------------+


+-------------------------------------------------------------------------+
; Minimum Clock to Output Times                                           ;
+-----------+------------+--------+--------+------------+-----------------+
; Data Port ; Clock Port ; Rise   ; Fall   ; Clock Edge ; Clock Reference ;
+-----------+------------+--------+--------+------------+-----------------+
; HEX0[*]   ; CLOCK_50   ; 9.000  ; 9.096  ; Rise       ; CLOCK_50        ;
;  HEX0[0]  ; CLOCK_50   ; 9.035  ; 9.190  ; Rise       ; CLOCK_50        ;
;  HEX0[1]  ; CLOCK_50   ; 9.196  ; 9.426  ; Rise       ; CLOCK_50        ;
;  HEX0[2]  ; CLOCK_50   ; 9.000  ; 9.377  ; Rise       ; CLOCK_50        ;
;  HEX0[3]  ; CLOCK_50   ; 9.026  ; 9.199  ; Rise       ; CLOCK_50        ;
;  HEX0[4]  ; CLOCK_50   ; 9.037  ; 9.451  ; Rise       ; CLOCK_50        ;
;  HEX0[5]  ; CLOCK_50   ; 9.233  ; 9.562  ; Rise       ; CLOCK_50        ;
;  HEX0[6]  ; CLOCK_50   ; 9.328  ; 9.096  ; Rise       ; CLOCK_50        ;
; HEX1[*]   ; CLOCK_50   ; 8.428  ; 8.720  ; Rise       ; CLOCK_50        ;
;  HEX1[0]  ; CLOCK_50   ; 8.576  ; 8.794  ; Rise       ; CLOCK_50        ;
;  HEX1[1]  ; CLOCK_50   ; 9.304  ; 9.991  ; Rise       ; CLOCK_50        ;
;  HEX1[2]  ; CLOCK_50   ; 8.966  ; 9.523  ; Rise       ; CLOCK_50        ;
;  HEX1[3]  ; CLOCK_50   ; 8.569  ; 8.802  ; Rise       ; CLOCK_50        ;
;  HEX1[4]  ; CLOCK_50   ; 8.852  ; 9.359  ; Rise       ; CLOCK_50        ;
;  HEX1[5]  ; CLOCK_50   ; 8.428  ; 8.720  ; Rise       ; CLOCK_50        ;
;  HEX1[6]  ; CLOCK_50   ; 9.420  ; 9.091  ; Rise       ; CLOCK_50        ;
; HEX2[*]   ; CLOCK_50   ; 8.964  ; 9.087  ; Rise       ; CLOCK_50        ;
;  HEX2[0]  ; CLOCK_50   ; 9.851  ; 10.139 ; Rise       ; CLOCK_50        ;
;  HEX2[1]  ; CLOCK_50   ; 9.165  ; 9.350  ; Rise       ; CLOCK_50        ;
;  HEX2[2]  ; CLOCK_50   ; 9.647  ; 9.885  ; Rise       ; CLOCK_50        ;
;  HEX2[3]  ; CLOCK_50   ; 8.964  ; 9.087  ; Rise       ; CLOCK_50        ;
;  HEX2[4]  ; CLOCK_50   ; 9.283  ; 9.738  ; Rise       ; CLOCK_50        ;
;  HEX2[5]  ; CLOCK_50   ; 9.613  ; 10.167 ; Rise       ; CLOCK_50        ;
;  HEX2[6]  ; CLOCK_50   ; 9.807  ; 9.625  ; Rise       ; CLOCK_50        ;
; HEX3[*]   ; CLOCK_50   ; 10.385 ; 10.563 ; Rise       ; CLOCK_50        ;
;  HEX3[0]  ; CLOCK_50   ; 10.391 ; 10.563 ; Rise       ; CLOCK_50        ;
;  HEX3[1]  ; CLOCK_50   ; 10.570 ; 10.707 ; Rise       ; CLOCK_50        ;
;  HEX3[2]  ; CLOCK_50   ; 10.385 ; 10.674 ; Rise       ; CLOCK_50        ;
;  HEX3[3]  ; CLOCK_50   ; 10.668 ; 10.951 ; Rise       ; CLOCK_50        ;
;  HEX3[4]  ; CLOCK_50   ; 10.484 ; 10.941 ; Rise       ; CLOCK_50        ;
;  HEX3[5]  ; CLOCK_50   ; 10.834 ; 11.064 ; Rise       ; CLOCK_50        ;
;  HEX3[6]  ; CLOCK_50   ; 11.013 ; 10.724 ; Rise       ; CLOCK_50        ;
; HEX4[*]   ; CLOCK_50   ; 8.802  ; 8.740  ; Rise       ; CLOCK_50        ;
;  HEX4[0]  ; CLOCK_50   ; 9.491  ; 9.879  ; Rise       ; CLOCK_50        ;
;  HEX4[1]  ; CLOCK_50   ; 9.135  ; 9.420  ; Rise       ; CLOCK_50        ;
;  HEX4[2]  ; CLOCK_50   ; 8.802  ; 9.114  ; Rise       ; CLOCK_50        ;
;  HEX4[3]  ; CLOCK_50   ; 9.562  ; 10.041 ; Rise       ; CLOCK_50        ;
;  HEX4[4]  ; CLOCK_50   ; 9.617  ; 10.032 ; Rise       ; CLOCK_50        ;
;  HEX4[5]  ; CLOCK_50   ; 9.266  ; 9.698  ; Rise       ; CLOCK_50        ;
;  HEX4[6]  ; CLOCK_50   ; 8.914  ; 8.740  ; Rise       ; CLOCK_50        ;
; HEX5[*]   ; CLOCK_50   ; 9.255  ; 9.395  ; Rise       ; CLOCK_50        ;
;  HEX5[0]  ; CLOCK_50   ; 9.762  ; 10.143 ; Rise       ; CLOCK_50        ;
;  HEX5[1]  ; CLOCK_50   ; 9.383  ; 9.626  ; Rise       ; CLOCK_50        ;
;  HEX5[2]  ; CLOCK_50   ; 9.930  ; 10.339 ; Rise       ; CLOCK_50        ;
;  HEX5[3]  ; CLOCK_50   ; 9.255  ; 9.395  ; Rise       ; CLOCK_50        ;
;  HEX5[4]  ; CLOCK_50   ; 10.527 ; 10.995 ; Rise       ; CLOCK_50        ;
;  HEX5[5]  ; CLOCK_50   ; 10.433 ; 10.972 ; Rise       ; CLOCK_50        ;
;  HEX5[6]  ; CLOCK_50   ; 9.631  ; 9.428  ; Rise       ; CLOCK_50        ;
+-----------+------------+--------+--------+------------+-----------------+


---------------------------------------------
; Slow 1100mV 0C Model Metastability Report ;
---------------------------------------------
No synchronizer chains to report.


+-------------------------------------+
; Fast 1100mV 85C Model Setup Summary ;
+----------+--------+-----------------+
; Clock    ; Slack  ; End Point TNS   ;
+----------+--------+-----------------+
; CLOCK_50 ; -0.673 ; -24.759         ;
+----------+--------+-----------------+


+------------------------------------+
; Fast 1100mV 85C Model Hold Summary ;
+----------+-------+-----------------+
; Clock    ; Slack ; End Point TNS   ;
+----------+-------+-----------------+
; CLOCK_50 ; 0.178 ; 0.000           ;
+----------+-------+-----------------+


------------------------------------------
; Fast 1100mV 85C Model Recovery Summary ;
------------------------------------------
No paths to report.


-----------------------------------------
; Fast 1100mV 85C Model Removal Summary ;
-----------------------------------------
No paths to report.


+---------------------------------------------------+
; Fast 1100mV 85C Model Minimum Pulse Width Summary ;
+----------+--------+-------------------------------+
; Clock    ; Slack  ; End Point TNS                 ;
+----------+--------+-------------------------------+
; CLOCK_50 ; -0.102 ; -9.121                        ;
+----------+--------+-------------------------------+


+-----------------------------------------------------------------------+
; Setup Times                                                           ;
+-----------+------------+-------+-------+------------+-----------------+
; Data Port ; Clock Port ; Rise  ; Fall  ; Clock Edge ; Clock Reference ;
+-----------+------------+-------+-------+------------+-----------------+
; A         ; CLOCK_50   ; 0.330 ; 1.008 ; Rise       ; CLOCK_50        ;
; B         ; CLOCK_50   ; 0.018 ; 0.653 ; Rise       ; CLOCK_50        ;
+-----------+------------+-------+-------+------------+-----------------+


+------------------------------------------------------------------------+
; Hold Times                                                             ;
+-----------+------------+-------+--------+------------+-----------------+
; Data Port ; Clock Port ; Rise  ; Fall   ; Clock Edge ; Clock Reference ;
+-----------+------------+-------+--------+------------+-----------------+
; A         ; CLOCK_50   ; 0.139 ; -0.486 ; Rise       ; CLOCK_50        ;
; B         ; CLOCK_50   ; 0.450 ; -0.097 ; Rise       ; CLOCK_50        ;
+-----------+------------+-------+--------+------------+-----------------+


+-----------------------------------------------------------------------+
; Clock to Output Times                                                 ;
+-----------+------------+-------+-------+------------+-----------------+
; Data Port ; Clock Port ; Rise  ; Fall  ; Clock Edge ; Clock Reference ;
+-----------+------------+-------+-------+------------+-----------------+
; HEX0[*]   ; CLOCK_50   ; 6.346 ; 6.543 ; Rise       ; CLOCK_50        ;
;  HEX0[0]  ; CLOCK_50   ; 6.263 ; 6.472 ; Rise       ; CLOCK_50        ;
;  HEX0[1]  ; CLOCK_50   ; 6.214 ; 6.432 ; Rise       ; CLOCK_50        ;
;  HEX0[2]  ; CLOCK_50   ; 6.239 ; 6.439 ; Rise       ; CLOCK_50        ;
;  HEX0[3]  ; CLOCK_50   ; 6.236 ; 6.460 ; Rise       ; CLOCK_50        ;
;  HEX0[4]  ; CLOCK_50   ; 6.205 ; 6.497 ; Rise       ; CLOCK_50        ;
;  HEX0[5]  ; CLOCK_50   ; 6.240 ; 6.543 ; Rise       ; CLOCK_50        ;
;  HEX0[6]  ; CLOCK_50   ; 6.346 ; 6.140 ; Rise       ; CLOCK_50        ;
; HEX1[*]   ; CLOCK_50   ; 6.298 ; 6.726 ; Rise       ; CLOCK_50        ;
;  HEX1[0]  ; CLOCK_50   ; 5.570 ; 5.857 ; Rise       ; CLOCK_50        ;
;  HEX1[1]  ; CLOCK_50   ; 6.143 ; 6.726 ; Rise       ; CLOCK_50        ;
;  HEX1[2]  ; CLOCK_50   ; 5.886 ; 6.331 ; Rise       ; CLOCK_50        ;
;  HEX1[3]  ; CLOCK_50   ; 5.340 ; 5.562 ; Rise       ; CLOCK_50        ;
;  HEX1[4]  ; CLOCK_50   ; 5.763 ; 6.217 ; Rise       ; CLOCK_50        ;
;  HEX1[5]  ; CLOCK_50   ; 5.568 ; 5.806 ; Rise       ; CLOCK_50        ;
;  HEX1[6]  ; CLOCK_50   ; 6.298 ; 5.926 ; Rise       ; CLOCK_50        ;
; HEX2[*]   ; CLOCK_50   ; 9.061 ; 9.468 ; Rise       ; CLOCK_50        ;
;  HEX2[0]  ; CLOCK_50   ; 9.061 ; 9.468 ; Rise       ; CLOCK_50        ;
;  HEX2[1]  ; CLOCK_50   ; 8.584 ; 8.831 ; Rise       ; CLOCK_50        ;
;  HEX2[2]  ; CLOCK_50   ; 8.691 ; 9.151 ; Rise       ; CLOCK_50        ;
;  HEX2[3]  ; CLOCK_50   ; 8.487 ; 8.638 ; Rise       ; CLOCK_50        ;
;  HEX2[4]  ; CLOCK_50   ; 8.667 ; 8.854 ; Rise       ; CLOCK_50        ;
;  HEX2[5]  ; CLOCK_50   ; 8.971 ; 9.316 ; Rise       ; CLOCK_50        ;
;  HEX2[6]  ; CLOCK_50   ; 9.040 ; 8.795 ; Rise       ; CLOCK_50        ;
; HEX3[*]   ; CLOCK_50   ; 9.338 ; 9.398 ; Rise       ; CLOCK_50        ;
;  HEX3[0]  ; CLOCK_50   ; 8.849 ; 9.064 ; Rise       ; CLOCK_50        ;
;  HEX3[1]  ; CLOCK_50   ; 8.926 ; 9.147 ; Rise       ; CLOCK_50        ;
;  HEX3[2]  ; CLOCK_50   ; 8.457 ; 9.067 ; Rise       ; CLOCK_50        ;
;  HEX3[3]  ; CLOCK_50   ; 9.057 ; 9.398 ; Rise       ; CLOCK_50        ;
;  HEX3[4]  ; CLOCK_50   ; 9.078 ; 9.217 ; Rise       ; CLOCK_50        ;
;  HEX3[5]  ; CLOCK_50   ; 9.173 ; 9.132 ; Rise       ; CLOCK_50        ;
;  HEX3[6]  ; CLOCK_50   ; 9.338 ; 8.705 ; Rise       ; CLOCK_50        ;
; HEX4[*]   ; CLOCK_50   ; 9.126 ; 9.696 ; Rise       ; CLOCK_50        ;
;  HEX4[0]  ; CLOCK_50   ; 9.045 ; 9.507 ; Rise       ; CLOCK_50        ;
;  HEX4[1]  ; CLOCK_50   ; 8.565 ; 8.871 ; Rise       ; CLOCK_50        ;
;  HEX4[2]  ; CLOCK_50   ; 8.525 ; 8.772 ; Rise       ; CLOCK_50        ;
;  HEX4[3]  ; CLOCK_50   ; 9.126 ; 9.696 ; Rise       ; CLOCK_50        ;
;  HEX4[4]  ; CLOCK_50   ; 8.836 ; 9.344 ; Rise       ; CLOCK_50        ;
;  HEX4[5]  ; CLOCK_50   ; 8.602 ; 8.930 ; Rise       ; CLOCK_50        ;
;  HEX4[6]  ; CLOCK_50   ; 8.709 ; 8.462 ; Rise       ; CLOCK_50        ;
; HEX5[*]   ; CLOCK_50   ; 8.610 ; 9.182 ; Rise       ; CLOCK_50        ;
;  HEX5[0]  ; CLOCK_50   ; 8.181 ; 8.638 ; Rise       ; CLOCK_50        ;
;  HEX5[1]  ; CLOCK_50   ; 7.933 ; 8.209 ; Rise       ; CLOCK_50        ;
;  HEX5[2]  ; CLOCK_50   ; 8.160 ; 8.607 ; Rise       ; CLOCK_50        ;
;  HEX5[3]  ; CLOCK_50   ; 7.810 ; 8.046 ; Rise       ; CLOCK_50        ;
;  HEX5[4]  ; CLOCK_50   ; 8.610 ; 9.182 ; Rise       ; CLOCK_50        ;
;  HEX5[5]  ; CLOCK_50   ; 8.608 ; 9.051 ; Rise       ; CLOCK_50        ;
;  HEX5[6]  ; CLOCK_50   ; 8.171 ; 7.908 ; Rise       ; CLOCK_50        ;
+-----------+------------+-------+-------+------------+-----------------+


+-----------------------------------------------------------------------+
; Minimum Clock to Output Times                                         ;
+-----------+------------+-------+-------+------------+-----------------+
; Data Port ; Clock Port ; Rise  ; Fall  ; Clock Edge ; Clock Reference ;
+-----------+------------+-------+-------+------------+-----------------+
; HEX0[*]   ; CLOCK_50   ; 5.122 ; 5.161 ; Rise       ; CLOCK_50        ;
;  HEX0[0]  ; CLOCK_50   ; 5.182 ; 5.353 ; Rise       ; CLOCK_50        ;
;  HEX0[1]  ; CLOCK_50   ; 5.249 ; 5.467 ; Rise       ; CLOCK_50        ;
;  HEX0[2]  ; CLOCK_50   ; 5.122 ; 5.497 ; Rise       ; CLOCK_50        ;
;  HEX0[3]  ; CLOCK_50   ; 5.141 ; 5.329 ; Rise       ; CLOCK_50        ;
;  HEX0[4]  ; CLOCK_50   ; 5.180 ; 5.551 ; Rise       ; CLOCK_50        ;
;  HEX0[5]  ; CLOCK_50   ; 5.249 ; 5.484 ; Rise       ; CLOCK_50        ;
;  HEX0[6]  ; CLOCK_50   ; 5.353 ; 5.161 ; Rise       ; CLOCK_50        ;
; HEX1[*]   ; CLOCK_50   ; 4.745 ; 5.032 ; Rise       ; CLOCK_50        ;
;  HEX1[0]  ; CLOCK_50   ; 4.842 ; 5.055 ; Rise       ; CLOCK_50        ;
;  HEX1[1]  ; CLOCK_50   ; 5.363 ; 5.909 ; Rise       ; CLOCK_50        ;
;  HEX1[2]  ; CLOCK_50   ; 5.137 ; 5.569 ; Rise       ; CLOCK_50        ;
;  HEX1[3]  ; CLOCK_50   ; 4.801 ; 5.032 ; Rise       ; CLOCK_50        ;
;  HEX1[4]  ; CLOCK_50   ; 5.033 ; 5.498 ; Rise       ; CLOCK_50        ;
;  HEX1[5]  ; CLOCK_50   ; 4.745 ; 5.044 ; Rise       ; CLOCK_50        ;
;  HEX1[6]  ; CLOCK_50   ; 5.434 ; 5.156 ; Rise       ; CLOCK_50        ;
; HEX2[*]   ; CLOCK_50   ; 5.044 ; 5.190 ; Rise       ; CLOCK_50        ;
;  HEX2[0]  ; CLOCK_50   ; 5.556 ; 5.901 ; Rise       ; CLOCK_50        ;
;  HEX2[1]  ; CLOCK_50   ; 5.155 ; 5.344 ; Rise       ; CLOCK_50        ;
;  HEX2[2]  ; CLOCK_50   ; 5.399 ; 5.705 ; Rise       ; CLOCK_50        ;
;  HEX2[3]  ; CLOCK_50   ; 5.044 ; 5.190 ; Rise       ; CLOCK_50        ;
;  HEX2[4]  ; CLOCK_50   ; 5.222 ; 5.469 ; Rise       ; CLOCK_50        ;
;  HEX2[5]  ; CLOCK_50   ; 5.442 ; 5.830 ; Rise       ; CLOCK_50        ;
;  HEX2[6]  ; CLOCK_50   ; 5.638 ; 5.386 ; Rise       ; CLOCK_50        ;
; HEX3[*]   ; CLOCK_50   ; 5.607 ; 5.823 ; Rise       ; CLOCK_50        ;
;  HEX3[0]  ; CLOCK_50   ; 5.627 ; 5.823 ; Rise       ; CLOCK_50        ;
;  HEX3[1]  ; CLOCK_50   ; 5.762 ; 5.908 ; Rise       ; CLOCK_50        ;
;  HEX3[2]  ; CLOCK_50   ; 5.607 ; 5.891 ; Rise       ; CLOCK_50        ;
;  HEX3[3]  ; CLOCK_50   ; 5.795 ; 6.078 ; Rise       ; CLOCK_50        ;
;  HEX3[4]  ; CLOCK_50   ; 5.785 ; 6.127 ; Rise       ; CLOCK_50        ;
;  HEX3[5]  ; CLOCK_50   ; 5.877 ; 6.240 ; Rise       ; CLOCK_50        ;
;  HEX3[6]  ; CLOCK_50   ; 6.052 ; 5.825 ; Rise       ; CLOCK_50        ;
; HEX4[*]   ; CLOCK_50   ; 4.955 ; 4.899 ; Rise       ; CLOCK_50        ;
;  HEX4[0]  ; CLOCK_50   ; 5.373 ; 5.745 ; Rise       ; CLOCK_50        ;
;  HEX4[1]  ; CLOCK_50   ; 5.078 ; 5.305 ; Rise       ; CLOCK_50        ;
;  HEX4[2]  ; CLOCK_50   ; 4.955 ; 5.270 ; Rise       ; CLOCK_50        ;
;  HEX4[3]  ; CLOCK_50   ; 5.462 ; 5.906 ; Rise       ; CLOCK_50        ;
;  HEX4[4]  ; CLOCK_50   ; 5.336 ; 5.757 ; Rise       ; CLOCK_50        ;
;  HEX4[5]  ; CLOCK_50   ; 5.124 ; 5.572 ; Rise       ; CLOCK_50        ;
;  HEX4[6]  ; CLOCK_50   ; 5.088 ; 4.899 ; Rise       ; CLOCK_50        ;
; HEX5[*]   ; CLOCK_50   ; 4.999 ; 5.134 ; Rise       ; CLOCK_50        ;
;  HEX5[0]  ; CLOCK_50   ; 5.329 ; 5.734 ; Rise       ; CLOCK_50        ;
;  HEX5[1]  ; CLOCK_50   ; 5.097 ; 5.322 ; Rise       ; CLOCK_50        ;
;  HEX5[2]  ; CLOCK_50   ; 5.424 ; 5.758 ; Rise       ; CLOCK_50        ;
;  HEX5[3]  ; CLOCK_50   ; 4.999 ; 5.177 ; Rise       ; CLOCK_50        ;
;  HEX5[4]  ; CLOCK_50   ; 5.785 ; 6.249 ; Rise       ; CLOCK_50        ;
;  HEX5[5]  ; CLOCK_50   ; 5.739 ; 6.166 ; Rise       ; CLOCK_50        ;
;  HEX5[6]  ; CLOCK_50   ; 5.349 ; 5.134 ; Rise       ; CLOCK_50        ;
+-----------+------------+-------+-------+------------+-----------------+


----------------------------------------------
; Fast 1100mV 85C Model Metastability Report ;
----------------------------------------------
No synchronizer chains to report.


+------------------------------------+
; Fast 1100mV 0C Model Setup Summary ;
+----------+--------+----------------+
; Clock    ; Slack  ; End Point TNS  ;
+----------+--------+----------------+
; CLOCK_50 ; -0.549 ; -19.136        ;
+----------+--------+----------------+


+-----------------------------------+
; Fast 1100mV 0C Model Hold Summary ;
+----------+-------+----------------+
; Clock    ; Slack ; End Point TNS  ;
+----------+-------+----------------+
; CLOCK_50 ; 0.168 ; 0.000          ;
+----------+-------+----------------+


-----------------------------------------
; Fast 1100mV 0C Model Recovery Summary ;
-----------------------------------------
No paths to report.


----------------------------------------
; Fast 1100mV 0C Model Removal Summary ;
----------------------------------------
No paths to report.


+--------------------------------------------------+
; Fast 1100mV 0C Model Minimum Pulse Width Summary ;
+----------+--------+------------------------------+
; Clock    ; Slack  ; End Point TNS                ;
+----------+--------+------------------------------+
; CLOCK_50 ; -0.099 ; -8.930                       ;
+----------+--------+------------------------------+


+-----------------------------------------------------------------------+
; Setup Times                                                           ;
+-----------+------------+-------+-------+------------+-----------------+
; Data Port ; Clock Port ; Rise  ; Fall  ; Clock Edge ; Clock Reference ;
+-----------+------------+-------+-------+------------+-----------------+
; A         ; CLOCK_50   ; 0.281 ; 0.950 ; Rise       ; CLOCK_50        ;
; B         ; CLOCK_50   ; 0.020 ; 0.640 ; Rise       ; CLOCK_50        ;
+-----------+------------+-------+-------+------------+-----------------+


+------------------------------------------------------------------------+
; Hold Times                                                             ;
+-----------+------------+-------+--------+------------+-----------------+
; Data Port ; Clock Port ; Rise  ; Fall   ; Clock Edge ; Clock Reference ;
+-----------+------------+-------+--------+------------+-----------------+
; A         ; CLOCK_50   ; 0.174 ; -0.442 ; Rise       ; CLOCK_50        ;
; B         ; CLOCK_50   ; 0.439 ; -0.103 ; Rise       ; CLOCK_50        ;
+-----------+------------+-------+--------+------------+-----------------+


+-----------------------------------------------------------------------+
; Clock to Output Times                                                 ;
+-----------+------------+-------+-------+------------+-----------------+
; Data Port ; Clock Port ; Rise  ; Fall  ; Clock Edge ; Clock Reference ;
+-----------+------------+-------+-------+------------+-----------------+
; HEX0[*]   ; CLOCK_50   ; 5.993 ; 6.167 ; Rise       ; CLOCK_50        ;
;  HEX0[0]  ; CLOCK_50   ; 5.946 ; 6.100 ; Rise       ; CLOCK_50        ;
;  HEX0[1]  ; CLOCK_50   ; 5.919 ; 6.082 ; Rise       ; CLOCK_50        ;
;  HEX0[2]  ; CLOCK_50   ; 5.935 ; 6.078 ; Rise       ; CLOCK_50        ;
;  HEX0[3]  ; CLOCK_50   ; 5.929 ; 6.091 ; Rise       ; CLOCK_50        ;
;  HEX0[4]  ; CLOCK_50   ; 5.874 ; 6.115 ; Rise       ; CLOCK_50        ;
;  HEX0[5]  ; CLOCK_50   ; 5.912 ; 6.167 ; Rise       ; CLOCK_50        ;
;  HEX0[6]  ; CLOCK_50   ; 5.993 ; 5.840 ; Rise       ; CLOCK_50        ;
; HEX1[*]   ; CLOCK_50   ; 5.902 ; 6.349 ; Rise       ; CLOCK_50        ;
;  HEX1[0]  ; CLOCK_50   ; 5.272 ; 5.507 ; Rise       ; CLOCK_50        ;
;  HEX1[1]  ; CLOCK_50   ; 5.876 ; 6.349 ; Rise       ; CLOCK_50        ;
;  HEX1[2]  ; CLOCK_50   ; 5.586 ; 5.956 ; Rise       ; CLOCK_50        ;
;  HEX1[3]  ; CLOCK_50   ; 5.033 ; 5.214 ; Rise       ; CLOCK_50        ;
;  HEX1[4]  ; CLOCK_50   ; 5.503 ; 5.867 ; Rise       ; CLOCK_50        ;
;  HEX1[5]  ; CLOCK_50   ; 5.255 ; 5.446 ; Rise       ; CLOCK_50        ;
;  HEX1[6]  ; CLOCK_50   ; 5.902 ; 5.598 ; Rise       ; CLOCK_50        ;
; HEX2[*]   ; CLOCK_50   ; 8.633 ; 8.974 ; Rise       ; CLOCK_50        ;
;  HEX2[0]  ; CLOCK_50   ; 8.633 ; 8.974 ; Rise       ; CLOCK_50        ;
;  HEX2[1]  ; CLOCK_50   ; 8.167 ; 8.372 ; Rise       ; CLOCK_50        ;
;  HEX2[2]  ; CLOCK_50   ; 8.235 ; 8.659 ; Rise       ; CLOCK_50        ;
;  HEX2[3]  ; CLOCK_50   ; 8.058 ; 8.196 ; Rise       ; CLOCK_50        ;
;  HEX2[4]  ; CLOCK_50   ; 8.247 ; 8.396 ; Rise       ; CLOCK_50        ;
;  HEX2[5]  ; CLOCK_50   ; 8.537 ; 8.825 ; Rise       ; CLOCK_50        ;
;  HEX2[6]  ; CLOCK_50   ; 8.581 ; 8.397 ; Rise       ; CLOCK_50        ;
; HEX3[*]   ; CLOCK_50   ; 8.790 ; 8.846 ; Rise       ; CLOCK_50        ;
;  HEX3[0]  ; CLOCK_50   ; 8.360 ; 8.535 ; Rise       ; CLOCK_50        ;
;  HEX3[1]  ; CLOCK_50   ; 8.420 ; 8.613 ; Rise       ; CLOCK_50        ;
;  HEX3[2]  ; CLOCK_50   ; 8.019 ; 8.540 ; Rise       ; CLOCK_50        ;
;  HEX3[3]  ; CLOCK_50   ; 8.564 ; 8.846 ; Rise       ; CLOCK_50        ;
;  HEX3[4]  ; CLOCK_50   ; 8.604 ; 8.731 ; Rise       ; CLOCK_50        ;
;  HEX3[5]  ; CLOCK_50   ; 8.663 ; 8.633 ; Rise       ; CLOCK_50        ;
;  HEX3[6]  ; CLOCK_50   ; 8.790 ; 8.248 ; Rise       ; CLOCK_50        ;
; HEX4[*]   ; CLOCK_50   ; 8.676 ; 9.150 ; Rise       ; CLOCK_50        ;
;  HEX4[0]  ; CLOCK_50   ; 8.601 ; 8.979 ; Rise       ; CLOCK_50        ;
;  HEX4[1]  ; CLOCK_50   ; 8.068 ; 8.352 ; Rise       ; CLOCK_50        ;
;  HEX4[2]  ; CLOCK_50   ; 8.031 ; 8.258 ; Rise       ; CLOCK_50        ;
;  HEX4[3]  ; CLOCK_50   ; 8.676 ; 9.150 ; Rise       ; CLOCK_50        ;
;  HEX4[4]  ; CLOCK_50   ; 8.388 ; 8.822 ; Rise       ; CLOCK_50        ;
;  HEX4[5]  ; CLOCK_50   ; 8.163 ; 8.436 ; Rise       ; CLOCK_50        ;
;  HEX4[6]  ; CLOCK_50   ; 8.195 ; 7.966 ; Rise       ; CLOCK_50        ;
; HEX5[*]   ; CLOCK_50   ; 8.211 ; 8.686 ; Rise       ; CLOCK_50        ;
;  HEX5[0]  ; CLOCK_50   ; 7.796 ; 8.182 ; Rise       ; CLOCK_50        ;
;  HEX5[1]  ; CLOCK_50   ; 7.520 ; 7.766 ; Rise       ; CLOCK_50        ;
;  HEX5[2]  ; CLOCK_50   ; 7.787 ; 8.170 ; Rise       ; CLOCK_50        ;
;  HEX5[3]  ; CLOCK_50   ; 7.396 ; 7.612 ; Rise       ; CLOCK_50        ;
;  HEX5[4]  ; CLOCK_50   ; 8.190 ; 8.686 ; Rise       ; CLOCK_50        ;
;  HEX5[5]  ; CLOCK_50   ; 8.211 ; 8.581 ; Rise       ; CLOCK_50        ;
;  HEX5[6]  ; CLOCK_50   ; 7.741 ; 7.496 ; Rise       ; CLOCK_50        ;
+-----------+------------+-------+-------+------------+-----------------+


+-----------------------------------------------------------------------+
; Minimum Clock to Output Times                                         ;
+-----------+------------+-------+-------+------------+-----------------+
; Data Port ; Clock Port ; Rise  ; Fall  ; Clock Edge ; Clock Reference ;
+-----------+------------+-------+-------+------------+-----------------+
; HEX0[*]   ; CLOCK_50   ; 4.860 ; 4.897 ; Rise       ; CLOCK_50        ;
;  HEX0[0]  ; CLOCK_50   ; 4.905 ; 5.032 ; Rise       ; CLOCK_50        ;
;  HEX0[1]  ; CLOCK_50   ; 4.992 ; 5.189 ; Rise       ; CLOCK_50        ;
;  HEX0[2]  ; CLOCK_50   ; 4.860 ; 5.167 ; Rise       ; CLOCK_50        ;
;  HEX0[3]  ; CLOCK_50   ; 4.876 ; 5.017 ; Rise       ; CLOCK_50        ;
;  HEX0[4]  ; CLOCK_50   ; 4.902 ; 5.234 ; Rise       ; CLOCK_50        ;
;  HEX0[5]  ; CLOCK_50   ; 4.967 ; 5.152 ; Rise       ; CLOCK_50        ;
;  HEX0[6]  ; CLOCK_50   ; 5.043 ; 4.897 ; Rise       ; CLOCK_50        ;
; HEX1[*]   ; CLOCK_50   ; 4.478 ; 4.720 ; Rise       ; CLOCK_50        ;
;  HEX1[0]  ; CLOCK_50   ; 4.590 ; 4.755 ; Rise       ; CLOCK_50        ;
;  HEX1[1]  ; CLOCK_50   ; 5.136 ; 5.571 ; Rise       ; CLOCK_50        ;
;  HEX1[2]  ; CLOCK_50   ; 4.896 ; 5.252 ; Rise       ; CLOCK_50        ;
;  HEX1[3]  ; CLOCK_50   ; 4.532 ; 4.726 ; Rise       ; CLOCK_50        ;
;  HEX1[4]  ; CLOCK_50   ; 4.819 ; 5.181 ; Rise       ; CLOCK_50        ;
;  HEX1[5]  ; CLOCK_50   ; 4.478 ; 4.720 ; Rise       ; CLOCK_50        ;
;  HEX1[6]  ; CLOCK_50   ; 5.084 ; 4.873 ; Rise       ; CLOCK_50        ;
; HEX2[*]   ; CLOCK_50   ; 4.767 ; 4.881 ; Rise       ; CLOCK_50        ;
;  HEX2[0]  ; CLOCK_50   ; 5.250 ; 5.552 ; Rise       ; CLOCK_50        ;
;  HEX2[1]  ; CLOCK_50   ; 4.886 ; 5.024 ; Rise       ; CLOCK_50        ;
;  HEX2[2]  ; CLOCK_50   ; 5.090 ; 5.336 ; Rise       ; CLOCK_50        ;
;  HEX2[3]  ; CLOCK_50   ; 4.767 ; 4.881 ; Rise       ; CLOCK_50        ;
;  HEX2[4]  ; CLOCK_50   ; 4.921 ; 5.157 ; Rise       ; CLOCK_50        ;
;  HEX2[5]  ; CLOCK_50   ; 5.163 ; 5.476 ; Rise       ; CLOCK_50        ;
;  HEX2[6]  ; CLOCK_50   ; 5.289 ; 5.108 ; Rise       ; CLOCK_50        ;
; HEX3[*]   ; CLOCK_50   ; 5.333 ; 5.522 ; Rise       ; CLOCK_50        ;
;  HEX3[0]  ; CLOCK_50   ; 5.357 ; 5.522 ; Rise       ; CLOCK_50        ;
;  HEX3[1]  ; CLOCK_50   ; 5.461 ; 5.593 ; Rise       ; CLOCK_50        ;
;  HEX3[2]  ; CLOCK_50   ; 5.333 ; 5.575 ; Rise       ; CLOCK_50        ;
;  HEX3[3]  ; CLOCK_50   ; 5.519 ; 5.760 ; Rise       ; CLOCK_50        ;
;  HEX3[4]  ; CLOCK_50   ; 5.493 ; 5.799 ; Rise       ; CLOCK_50        ;
;  HEX3[5]  ; CLOCK_50   ; 5.585 ; 5.898 ; Rise       ; CLOCK_50        ;
;  HEX3[6]  ; CLOCK_50   ; 5.732 ; 5.536 ; Rise       ; CLOCK_50        ;
; HEX4[*]   ; CLOCK_50   ; 4.630 ; 4.574 ; Rise       ; CLOCK_50        ;
;  HEX4[0]  ; CLOCK_50   ; 5.094 ; 5.391 ; Rise       ; CLOCK_50        ;
;  HEX4[1]  ; CLOCK_50   ; 4.757 ; 4.951 ; Rise       ; CLOCK_50        ;
;  HEX4[2]  ; CLOCK_50   ; 4.630 ; 4.916 ; Rise       ; CLOCK_50        ;
;  HEX4[3]  ; CLOCK_50   ; 5.175 ; 5.540 ; Rise       ; CLOCK_50        ;
;  HEX4[4]  ; CLOCK_50   ; 5.047 ; 5.411 ; Rise       ; CLOCK_50        ;
;  HEX4[5]  ; CLOCK_50   ; 4.849 ; 5.229 ; Rise       ; CLOCK_50        ;
;  HEX4[6]  ; CLOCK_50   ; 4.740 ; 4.574 ; Rise       ; CLOCK_50        ;
; HEX5[*]   ; CLOCK_50   ; 4.685 ; 4.817 ; Rise       ; CLOCK_50        ;
;  HEX5[0]  ; CLOCK_50   ; 5.045 ; 5.392 ; Rise       ; CLOCK_50        ;
;  HEX5[1]  ; CLOCK_50   ; 4.784 ; 4.980 ; Rise       ; CLOCK_50        ;
;  HEX5[2]  ; CLOCK_50   ; 5.151 ; 5.426 ; Rise       ; CLOCK_50        ;
;  HEX5[3]  ; CLOCK_50   ; 4.685 ; 4.843 ; Rise       ; CLOCK_50        ;
;  HEX5[4]  ; CLOCK_50   ; 5.473 ; 5.862 ; Rise       ; CLOCK_50        ;
;  HEX5[5]  ; CLOCK_50   ; 5.444 ; 5.805 ; Rise       ; CLOCK_50        ;
;  HEX5[6]  ; CLOCK_50   ; 5.008 ; 4.817 ; Rise       ; CLOCK_50        ;
+-----------+------------+-------+-------+------------+-----------------+


---------------------------------------------
; Fast 1100mV 0C Model Metastability Report ;
---------------------------------------------
No synchronizer chains to report.


+--------------------------------------------------------------------------------+
; Multicorner Timing Analysis Summary                                            ;
+------------------+----------+-------+----------+---------+---------------------+
; Clock            ; Setup    ; Hold  ; Recovery ; Removal ; Minimum Pulse Width ;
+------------------+----------+-------+----------+---------+---------------------+
; Worst-case Slack ; -2.299   ; 0.168 ; N/A      ; N/A     ; -0.538              ;
;  CLOCK_50        ; -2.299   ; 0.168 ; N/A      ; N/A     ; -0.538              ;
; Design-wide TNS  ; -122.181 ; 0.0   ; 0.0      ; 0.0     ; -73.945             ;
;  CLOCK_50        ; -122.181 ; 0.000 ; N/A      ; N/A     ; -73.945             ;
+------------------+----------+-------+----------+---------+---------------------+


+-----------------------------------------------------------------------+
; Setup Times                                                           ;
+-----------+------------+-------+-------+------------+-----------------+
; Data Port ; Clock Port ; Rise  ; Fall  ; Clock Edge ; Clock Reference ;
+-----------+------------+-------+-------+------------+-----------------+
; A         ; CLOCK_50   ; 1.003 ; 1.357 ; Rise       ; CLOCK_50        ;
; B         ; CLOCK_50   ; 0.329 ; 0.683 ; Rise       ; CLOCK_50        ;
+-----------+------------+-------+-------+------------+-----------------+


+------------------------------------------------------------------------+
; Hold Times                                                             ;
+-----------+------------+-------+--------+------------+-----------------+
; Data Port ; Clock Port ; Rise  ; Fall   ; Clock Edge ; Clock Reference ;
+-----------+------------+-------+--------+------------+-----------------+
; A         ; CLOCK_50   ; 0.174 ; -0.137 ; Rise       ; CLOCK_50        ;
; B         ; CLOCK_50   ; 0.773 ; 0.522  ; Rise       ; CLOCK_50        ;
+-----------+------------+-------+--------+------------+-----------------+


+-------------------------------------------------------------------------+
; Clock to Output Times                                                   ;
+-----------+------------+--------+--------+------------+-----------------+
; Data Port ; Clock Port ; Rise   ; Fall   ; Clock Edge ; Clock Reference ;
+-----------+------------+--------+--------+------------+-----------------+
; HEX0[*]   ; CLOCK_50   ; 11.096 ; 11.338 ; Rise       ; CLOCK_50        ;
;  HEX0[0]  ; CLOCK_50   ; 11.086 ; 11.241 ; Rise       ; CLOCK_50        ;
;  HEX0[1]  ; CLOCK_50   ; 11.024 ; 11.186 ; Rise       ; CLOCK_50        ;
;  HEX0[2]  ; CLOCK_50   ; 11.094 ; 11.226 ; Rise       ; CLOCK_50        ;
;  HEX0[3]  ; CLOCK_50   ; 11.096 ; 11.247 ; Rise       ; CLOCK_50        ;
;  HEX0[4]  ; CLOCK_50   ; 10.948 ; 11.268 ; Rise       ; CLOCK_50        ;
;  HEX0[5]  ; CLOCK_50   ; 10.990 ; 11.338 ; Rise       ; CLOCK_50        ;
;  HEX0[6]  ; CLOCK_50   ; 11.044 ; 10.907 ; Rise       ; CLOCK_50        ;
; HEX1[*]   ; CLOCK_50   ; 11.121 ; 11.551 ; Rise       ; CLOCK_50        ;
;  HEX1[0]  ; CLOCK_50   ; 10.199 ; 10.425 ; Rise       ; CLOCK_50        ;
;  HEX1[1]  ; CLOCK_50   ; 10.910 ; 11.551 ; Rise       ; CLOCK_50        ;
;  HEX1[2]  ; CLOCK_50   ; 10.559 ; 11.005 ; Rise       ; CLOCK_50        ;
;  HEX1[3]  ; CLOCK_50   ; 9.997  ; 10.133 ; Rise       ; CLOCK_50        ;
;  HEX1[4]  ; CLOCK_50   ; 10.396 ; 10.851 ; Rise       ; CLOCK_50        ;
;  HEX1[5]  ; CLOCK_50   ; 10.209 ; 10.392 ; Rise       ; CLOCK_50        ;
;  HEX1[6]  ; CLOCK_50   ; 11.121 ; 10.775 ; Rise       ; CLOCK_50        ;
; HEX2[*]   ; CLOCK_50   ; 18.590 ; 18.981 ; Rise       ; CLOCK_50        ;
;  HEX2[0]  ; CLOCK_50   ; 18.590 ; 18.981 ; Rise       ; CLOCK_50        ;
;  HEX2[1]  ; CLOCK_50   ; 17.700 ; 18.033 ; Rise       ; CLOCK_50        ;
;  HEX2[2]  ; CLOCK_50   ; 18.059 ; 18.561 ; Rise       ; CLOCK_50        ;
;  HEX2[3]  ; CLOCK_50   ; 17.498 ; 17.717 ; Rise       ; CLOCK_50        ;
;  HEX2[4]  ; CLOCK_50   ; 17.936 ; 18.081 ; Rise       ; CLOCK_50        ;
;  HEX2[5]  ; CLOCK_50   ; 18.279 ; 18.750 ; Rise       ; CLOCK_50        ;
;  HEX2[6]  ; CLOCK_50   ; 18.392 ; 18.168 ; Rise       ; CLOCK_50        ;
; HEX3[*]   ; CLOCK_50   ; 17.979 ; 18.088 ; Rise       ; CLOCK_50        ;
;  HEX3[0]  ; CLOCK_50   ; 17.366 ; 17.551 ; Rise       ; CLOCK_50        ;
;  HEX3[1]  ; CLOCK_50   ; 17.563 ; 17.713 ; Rise       ; CLOCK_50        ;
;  HEX3[2]  ; CLOCK_50   ; 16.930 ; 17.542 ; Rise       ; CLOCK_50        ;
;  HEX3[3]  ; CLOCK_50   ; 17.704 ; 18.051 ; Rise       ; CLOCK_50        ;
;  HEX3[4]  ; CLOCK_50   ; 17.897 ; 18.088 ; Rise       ; CLOCK_50        ;
;  HEX3[5]  ; CLOCK_50   ; 17.898 ; 17.784 ; Rise       ; CLOCK_50        ;
;  HEX3[6]  ; CLOCK_50   ; 17.979 ; 17.318 ; Rise       ; CLOCK_50        ;
; HEX4[*]   ; CLOCK_50   ; 18.496 ; 19.135 ; Rise       ; CLOCK_50        ;
;  HEX4[0]  ; CLOCK_50   ; 18.438 ; 18.916 ; Rise       ; CLOCK_50        ;
;  HEX4[1]  ; CLOCK_50   ; 17.697 ; 18.037 ; Rise       ; CLOCK_50        ;
;  HEX4[2]  ; CLOCK_50   ; 17.459 ; 17.786 ; Rise       ; CLOCK_50        ;
;  HEX4[3]  ; CLOCK_50   ; 18.496 ; 19.135 ; Rise       ; CLOCK_50        ;
;  HEX4[4]  ; CLOCK_50   ; 17.981 ; 18.591 ; Rise       ; CLOCK_50        ;
;  HEX4[5]  ; CLOCK_50   ; 17.683 ; 17.974 ; Rise       ; CLOCK_50        ;
;  HEX4[6]  ; CLOCK_50   ; 17.719 ; 17.387 ; Rise       ; CLOCK_50        ;
; HEX5[*]   ; CLOCK_50   ; 17.907 ; 18.484 ; Rise       ; CLOCK_50        ;
;  HEX5[0]  ; CLOCK_50   ; 17.156 ; 17.640 ; Rise       ; CLOCK_50        ;
;  HEX5[1]  ; CLOCK_50   ; 16.716 ; 17.065 ; Rise       ; CLOCK_50        ;
;  HEX5[2]  ; CLOCK_50   ; 17.031 ; 17.563 ; Rise       ; CLOCK_50        ;
;  HEX5[3]  ; CLOCK_50   ; 16.560 ; 16.815 ; Rise       ; CLOCK_50        ;
;  HEX5[4]  ; CLOCK_50   ; 17.749 ; 18.484 ; Rise       ; CLOCK_50        ;
;  HEX5[5]  ; CLOCK_50   ; 17.907 ; 18.424 ; Rise       ; CLOCK_50        ;
;  HEX5[6]  ; CLOCK_50   ; 16.952 ; 16.676 ; Rise       ; CLOCK_50        ;
+-----------+------------+--------+--------+------------+-----------------+


+-----------------------------------------------------------------------+
; Minimum Clock to Output Times                                         ;
+-----------+------------+-------+-------+------------+-----------------+
; Data Port ; Clock Port ; Rise  ; Fall  ; Clock Edge ; Clock Reference ;
+-----------+------------+-------+-------+------------+-----------------+
; HEX0[*]   ; CLOCK_50   ; 4.860 ; 4.897 ; Rise       ; CLOCK_50        ;
;  HEX0[0]  ; CLOCK_50   ; 4.905 ; 5.032 ; Rise       ; CLOCK_50        ;
;  HEX0[1]  ; CLOCK_50   ; 4.992 ; 5.189 ; Rise       ; CLOCK_50        ;
;  HEX0[2]  ; CLOCK_50   ; 4.860 ; 5.167 ; Rise       ; CLOCK_50        ;
;  HEX0[3]  ; CLOCK_50   ; 4.876 ; 5.017 ; Rise       ; CLOCK_50        ;
;  HEX0[4]  ; CLOCK_50   ; 4.902 ; 5.234 ; Rise       ; CLOCK_50        ;
;  HEX0[5]  ; CLOCK_50   ; 4.967 ; 5.152 ; Rise       ; CLOCK_50        ;
;  HEX0[6]  ; CLOCK_50   ; 5.043 ; 4.897 ; Rise       ; CLOCK_50        ;
; HEX1[*]   ; CLOCK_50   ; 4.478 ; 4.720 ; Rise       ; CLOCK_50        ;
;  HEX1[0]  ; CLOCK_50   ; 4.590 ; 4.755 ; Rise       ; CLOCK_50        ;
;  HEX1[1]  ; CLOCK_50   ; 5.136 ; 5.571 ; Rise       ; CLOCK_50        ;
;  HEX1[2]  ; CLOCK_50   ; 4.896 ; 5.252 ; Rise       ; CLOCK_50        ;
;  HEX1[3]  ; CLOCK_50   ; 4.532 ; 4.726 ; Rise       ; CLOCK_50        ;
;  HEX1[4]  ; CLOCK_50   ; 4.819 ; 5.181 ; Rise       ; CLOCK_50        ;
;  HEX1[5]  ; CLOCK_50   ; 4.478 ; 4.720 ; Rise       ; CLOCK_50        ;
;  HEX1[6]  ; CLOCK_50   ; 5.084 ; 4.873 ; Rise       ; CLOCK_50        ;
; HEX2[*]   ; CLOCK_50   ; 4.767 ; 4.881 ; Rise       ; CLOCK_50        ;
;  HEX2[0]  ; CLOCK_50   ; 5.250 ; 5.552 ; Rise       ; CLOCK_50        ;
;  HEX2[1]  ; CLOCK_50   ; 4.886 ; 5.024 ; Rise       ; CLOCK_50        ;
;  HEX2[2]  ; CLOCK_50   ; 5.090 ; 5.336 ; Rise       ; CLOCK_50        ;
;  HEX2[3]  ; CLOCK_50   ; 4.767 ; 4.881 ; Rise       ; CLOCK_50        ;
;  HEX2[4]  ; CLOCK_50   ; 4.921 ; 5.157 ; Rise       ; CLOCK_50        ;
;  HEX2[5]  ; CLOCK_50   ; 5.163 ; 5.476 ; Rise       ; CLOCK_50        ;
;  HEX2[6]  ; CLOCK_50   ; 5.289 ; 5.108 ; Rise       ; CLOCK_50        ;
; HEX3[*]   ; CLOCK_50   ; 5.333 ; 5.522 ; Rise       ; CLOCK_50        ;
;  HEX3[0]  ; CLOCK_50   ; 5.357 ; 5.522 ; Rise       ; CLOCK_50        ;
;  HEX3[1]  ; CLOCK_50   ; 5.461 ; 5.593 ; Rise       ; CLOCK_50        ;
;  HEX3[2]  ; CLOCK_50   ; 5.333 ; 5.575 ; Rise       ; CLOCK_50        ;
;  HEX3[3]  ; CLOCK_50   ; 5.519 ; 5.760 ; Rise       ; CLOCK_50        ;
;  HEX3[4]  ; CLOCK_50   ; 5.493 ; 5.799 ; Rise       ; CLOCK_50        ;
;  HEX3[5]  ; CLOCK_50   ; 5.585 ; 5.898 ; Rise       ; CLOCK_50        ;
;  HEX3[6]  ; CLOCK_50   ; 5.732 ; 5.536 ; Rise       ; CLOCK_50        ;
; HEX4[*]   ; CLOCK_50   ; 4.630 ; 4.574 ; Rise       ; CLOCK_50        ;
;  HEX4[0]  ; CLOCK_50   ; 5.094 ; 5.391 ; Rise       ; CLOCK_50        ;
;  HEX4[1]  ; CLOCK_50   ; 4.757 ; 4.951 ; Rise       ; CLOCK_50        ;
;  HEX4[2]  ; CLOCK_50   ; 4.630 ; 4.916 ; Rise       ; CLOCK_50        ;
;  HEX4[3]  ; CLOCK_50   ; 5.175 ; 5.540 ; Rise       ; CLOCK_50        ;
;  HEX4[4]  ; CLOCK_50   ; 5.047 ; 5.411 ; Rise       ; CLOCK_50        ;
;  HEX4[5]  ; CLOCK_50   ; 4.849 ; 5.229 ; Rise       ; CLOCK_50        ;
;  HEX4[6]  ; CLOCK_50   ; 4.740 ; 4.574 ; Rise       ; CLOCK_50        ;
; HEX5[*]   ; CLOCK_50   ; 4.685 ; 4.817 ; Rise       ; CLOCK_50        ;
;  HEX5[0]  ; CLOCK_50   ; 5.045 ; 5.392 ; Rise       ; CLOCK_50        ;
;  HEX5[1]  ; CLOCK_50   ; 4.784 ; 4.980 ; Rise       ; CLOCK_50        ;
;  HEX5[2]  ; CLOCK_50   ; 5.151 ; 5.426 ; Rise       ; CLOCK_50        ;
;  HEX5[3]  ; CLOCK_50   ; 4.685 ; 4.843 ; Rise       ; CLOCK_50        ;
;  HEX5[4]  ; CLOCK_50   ; 5.473 ; 5.862 ; Rise       ; CLOCK_50        ;
;  HEX5[5]  ; CLOCK_50   ; 5.444 ; 5.805 ; Rise       ; CLOCK_50        ;
;  HEX5[6]  ; CLOCK_50   ; 5.008 ; 4.817 ; Rise       ; CLOCK_50        ;
+-----------+------------+-------+-------+------------+-----------------+


+------------------------------------------------------------------------------------------------------------------------------------------------------------------------------------------------------------------------------------------------------------------------------------------------------------------------------------------------------------------------------------------------------------+
; Board Trace Model Assignments                                                                                                                                                                                                                                                                                                                                                                              ;
+---------+--------------+-------------------+-------------------------+-------------------------+---------------+---------------------+----------------+------------------+--------+------------------+------------------------+------------------------+--------------+---------------+-----------------+-------+---------------------+--------------------+---------------+-----------------+-------------+
; Pin     ; I/O Standard ; Near Tline Length ; Near Tline L per Length ; Near Tline C per Length ; Near Series R ; Near Differential R ; Near Pull-up R ; Near Pull-down R ; Near C ; Far Tline Length ; Far Tline L per Length ; Far Tline C per Length ; Far Series R ; Far Pull-up R ; Far Pull-down R ; Far C ; Termination Voltage ; Far Differential R ; EBD File Name ; EBD Signal Name ; EBD Far-end ;
+---------+--------------+-------------------+-------------------------+-------------------------+---------------+---------------------+----------------+------------------+--------+------------------+------------------------+------------------------+--------------+---------------+-----------------+-------+---------------------+--------------------+---------------+-----------------+-------------+
; HEX0[0] ; 2.5 V        ; 0 in              ; 0 H/in                  ; 0 F/in                  ; short         ; -                   ; open           ; open             ; open   ; 0 in             ; 0 H/in                 ; 0 F/in                 ; short        ; open          ; open            ; open  ; 0 V                 ; -                  ; n/a           ; n/a             ; n/a         ;
; HEX0[1] ; 2.5 V        ; 0 in              ; 0 H/in                  ; 0 F/in                  ; short         ; -                   ; open           ; open             ; open   ; 0 in             ; 0 H/in                 ; 0 F/in                 ; short        ; open          ; open            ; open  ; 0 V                 ; -                  ; n/a           ; n/a             ; n/a         ;
; HEX0[2] ; 2.5 V        ; 0 in              ; 0 H/in                  ; 0 F/in                  ; short         ; -                   ; open           ; open             ; open   ; 0 in             ; 0 H/in                 ; 0 F/in                 ; short        ; open          ; open            ; open  ; 0 V                 ; -                  ; n/a           ; n/a             ; n/a         ;
; HEX0[3] ; 2.5 V        ; 0 in              ; 0 H/in                  ; 0 F/in                  ; short         ; -                   ; open           ; open             ; open   ; 0 in             ; 0 H/in                 ; 0 F/in                 ; short        ; open          ; open            ; open  ; 0 V                 ; -                  ; n/a           ; n/a             ; n/a         ;
; HEX0[4] ; 2.5 V        ; 0 in              ; 0 H/in                  ; 0 F/in                  ; short         ; -                   ; open           ; open             ; open   ; 0 in             ; 0 H/in                 ; 0 F/in                 ; short        ; open          ; open            ; open  ; 0 V                 ; -                  ; n/a           ; n/a             ; n/a         ;
; HEX0[5] ; 2.5 V        ; 0 in              ; 0 H/in                  ; 0 F/in                  ; short         ; -                   ; open           ; open             ; open   ; 0 in             ; 0 H/in                 ; 0 F/in                 ; short        ; open          ; open            ; open  ; 0 V                 ; -                  ; n/a           ; n/a             ; n/a         ;
; HEX0[6] ; 2.5 V        ; 0 in              ; 0 H/in                  ; 0 F/in                  ; short         ; -                   ; open           ; open             ; open   ; 0 in             ; 0 H/in                 ; 0 F/in                 ; short        ; open          ; open            ; open  ; 0 V                 ; -                  ; n/a           ; n/a             ; n/a         ;
; HEX1[0] ; 2.5 V        ; 0 in              ; 0 H/in                  ; 0 F/in                  ; short         ; -                   ; open           ; open             ; open   ; 0 in             ; 0 H/in                 ; 0 F/in                 ; short        ; open          ; open            ; open  ; 0 V                 ; -                  ; n/a           ; n/a             ; n/a         ;
; HEX1[1] ; 2.5 V        ; 0 in              ; 0 H/in                  ; 0 F/in                  ; short         ; -                   ; open           ; open             ; open   ; 0 in             ; 0 H/in                 ; 0 F/in                 ; short        ; open          ; open            ; open  ; 0 V                 ; -                  ; n/a           ; n/a             ; n/a         ;
; HEX1[2] ; 2.5 V        ; 0 in              ; 0 H/in                  ; 0 F/in                  ; short         ; -                   ; open           ; open             ; open   ; 0 in             ; 0 H/in                 ; 0 F/in                 ; short        ; open          ; open            ; open  ; 0 V                 ; -                  ; n/a           ; n/a             ; n/a         ;
; HEX1[3] ; 2.5 V        ; 0 in              ; 0 H/in                  ; 0 F/in                  ; short         ; -                   ; open           ; open             ; open   ; 0 in             ; 0 H/in                 ; 0 F/in                 ; short        ; open          ; open            ; open  ; 0 V                 ; -                  ; n/a           ; n/a             ; n/a         ;
; HEX1[4] ; 2.5 V        ; 0 in              ; 0 H/in                  ; 0 F/in                  ; short         ; -                   ; open           ; open             ; open   ; 0 in             ; 0 H/in                 ; 0 F/in                 ; short        ; open          ; open            ; open  ; 0 V                 ; -                  ; n/a           ; n/a             ; n/a         ;
; HEX1[5] ; 2.5 V        ; 0 in              ; 0 H/in                  ; 0 F/in                  ; short         ; -                   ; open           ; open             ; open   ; 0 in             ; 0 H/in                 ; 0 F/in                 ; short        ; open          ; open            ; open  ; 0 V                 ; -                  ; n/a           ; n/a             ; n/a         ;
; HEX1[6] ; 2.5 V        ; 0 in              ; 0 H/in                  ; 0 F/in                  ; short         ; -                   ; open           ; open             ; open   ; 0 in             ; 0 H/in                 ; 0 F/in                 ; short        ; open          ; open            ; open  ; 0 V                 ; -                  ; n/a           ; n/a             ; n/a         ;
; HEX2[0] ; 2.5 V        ; 0 in              ; 0 H/in                  ; 0 F/in                  ; short         ; -                   ; open           ; open             ; open   ; 0 in             ; 0 H/in                 ; 0 F/in                 ; short        ; open          ; open            ; open  ; 0 V                 ; -                  ; n/a           ; n/a             ; n/a         ;
; HEX2[1] ; 2.5 V        ; 0 in              ; 0 H/in                  ; 0 F/in                  ; short         ; -                   ; open           ; open             ; open   ; 0 in             ; 0 H/in                 ; 0 F/in                 ; short        ; open          ; open            ; open  ; 0 V                 ; -                  ; n/a           ; n/a             ; n/a         ;
; HEX2[2] ; 2.5 V        ; 0 in              ; 0 H/in                  ; 0 F/in                  ; short         ; -                   ; open           ; open             ; open   ; 0 in             ; 0 H/in                 ; 0 F/in                 ; short        ; open          ; open            ; open  ; 0 V                 ; -                  ; n/a           ; n/a             ; n/a         ;
; HEX2[3] ; 2.5 V        ; 0 in              ; 0 H/in                  ; 0 F/in                  ; short         ; -                   ; open           ; open             ; open   ; 0 in             ; 0 H/in                 ; 0 F/in                 ; short        ; open          ; open            ; open  ; 0 V                 ; -                  ; n/a           ; n/a             ; n/a         ;
; HEX2[4] ; 2.5 V        ; 0 in              ; 0 H/in                  ; 0 F/in                  ; short         ; -                   ; open           ; open             ; open   ; 0 in             ; 0 H/in                 ; 0 F/in                 ; short        ; open          ; open            ; open  ; 0 V                 ; -                  ; n/a           ; n/a             ; n/a         ;
; HEX2[5] ; 2.5 V        ; 0 in              ; 0 H/in                  ; 0 F/in                  ; short         ; -                   ; open           ; open             ; open   ; 0 in             ; 0 H/in                 ; 0 F/in                 ; short        ; open          ; open            ; open  ; 0 V                 ; -                  ; n/a           ; n/a             ; n/a         ;
; HEX2[6] ; 2.5 V        ; 0 in              ; 0 H/in                  ; 0 F/in                  ; short         ; -                   ; open           ; open             ; open   ; 0 in             ; 0 H/in                 ; 0 F/in                 ; short        ; open          ; open            ; open  ; 0 V                 ; -                  ; n/a           ; n/a             ; n/a         ;
; HEX3[0] ; 2.5 V        ; 0 in              ; 0 H/in                  ; 0 F/in                  ; short         ; -                   ; open           ; open             ; open   ; 0 in             ; 0 H/in                 ; 0 F/in                 ; short        ; open          ; open            ; open  ; 0 V                 ; -                  ; n/a           ; n/a             ; n/a         ;
; HEX3[1] ; 2.5 V        ; 0 in              ; 0 H/in                  ; 0 F/in                  ; short         ; -                   ; open           ; open             ; open   ; 0 in             ; 0 H/in                 ; 0 F/in                 ; short        ; open          ; open            ; open  ; 0 V                 ; -                  ; n/a           ; n/a             ; n/a         ;
; HEX3[2] ; 2.5 V        ; 0 in              ; 0 H/in                  ; 0 F/in                  ; short         ; -                   ; open           ; open             ; open   ; 0 in             ; 0 H/in                 ; 0 F/in                 ; short        ; open          ; open            ; open  ; 0 V                 ; -                  ; n/a           ; n/a             ; n/a         ;
; HEX3[3] ; 2.5 V        ; 0 in              ; 0 H/in                  ; 0 F/in                  ; short         ; -                   ; open           ; open             ; open   ; 0 in             ; 0 H/in                 ; 0 F/in                 ; short        ; open          ; open            ; open  ; 0 V                 ; -                  ; n/a           ; n/a             ; n/a         ;
; HEX3[4] ; 2.5 V        ; 0 in              ; 0 H/in                  ; 0 F/in                  ; short         ; -                   ; open           ; open             ; open   ; 0 in             ; 0 H/in                 ; 0 F/in                 ; short        ; open          ; open            ; open  ; 0 V                 ; -                  ; n/a           ; n/a             ; n/a         ;
; HEX3[5] ; 2.5 V        ; 0 in              ; 0 H/in                  ; 0 F/in                  ; short         ; -                   ; open           ; open             ; open   ; 0 in             ; 0 H/in                 ; 0 F/in                 ; short        ; open          ; open            ; open  ; 0 V                 ; -                  ; n/a           ; n/a             ; n/a         ;
; HEX3[6] ; 2.5 V        ; 0 in              ; 0 H/in                  ; 0 F/in                  ; short         ; -                   ; open           ; open             ; open   ; 0 in             ; 0 H/in                 ; 0 F/in                 ; short        ; open          ; open            ; open  ; 0 V                 ; -                  ; n/a           ; n/a             ; n/a         ;
; HEX4[0] ; 2.5 V        ; 0 in              ; 0 H/in                  ; 0 F/in                  ; short         ; -                   ; open           ; open             ; open   ; 0 in             ; 0 H/in                 ; 0 F/in                 ; short        ; open          ; open            ; open  ; 0 V                 ; -                  ; n/a           ; n/a             ; n/a         ;
; HEX4[1] ; 2.5 V        ; 0 in              ; 0 H/in                  ; 0 F/in                  ; short         ; -                   ; open           ; open             ; open   ; 0 in             ; 0 H/in                 ; 0 F/in                 ; short        ; open          ; open            ; open  ; 0 V                 ; -                  ; n/a           ; n/a             ; n/a         ;
; HEX4[2] ; 2.5 V        ; 0 in              ; 0 H/in                  ; 0 F/in                  ; short         ; -                   ; open           ; open             ; open   ; 0 in             ; 0 H/in                 ; 0 F/in                 ; short        ; open          ; open            ; open  ; 0 V                 ; -                  ; n/a           ; n/a             ; n/a         ;
; HEX4[3] ; 2.5 V        ; 0 in              ; 0 H/in                  ; 0 F/in                  ; short         ; -                   ; open           ; open             ; open   ; 0 in             ; 0 H/in                 ; 0 F/in                 ; short        ; open          ; open            ; open  ; 0 V                 ; -                  ; n/a           ; n/a             ; n/a         ;
; HEX4[4] ; 2.5 V        ; 0 in              ; 0 H/in                  ; 0 F/in                  ; short         ; -                   ; open           ; open             ; open   ; 0 in             ; 0 H/in                 ; 0 F/in                 ; short        ; open          ; open            ; open  ; 0 V                 ; -                  ; n/a           ; n/a             ; n/a         ;
; HEX4[5] ; 2.5 V        ; 0 in              ; 0 H/in                  ; 0 F/in                  ; short         ; -                   ; open           ; open             ; open   ; 0 in             ; 0 H/in                 ; 0 F/in                 ; short        ; open          ; open            ; open  ; 0 V                 ; -                  ; n/a           ; n/a             ; n/a         ;
; HEX4[6] ; 2.5 V        ; 0 in              ; 0 H/in                  ; 0 F/in                  ; short         ; -                   ; open           ; open             ; open   ; 0 in             ; 0 H/in                 ; 0 F/in                 ; short        ; open          ; open            ; open  ; 0 V                 ; -                  ; n/a           ; n/a             ; n/a         ;
; HEX5[0] ; 2.5 V        ; 0 in              ; 0 H/in                  ; 0 F/in                  ; short         ; -                   ; open           ; open             ; open   ; 0 in             ; 0 H/in                 ; 0 F/in                 ; short        ; open          ; open            ; open  ; 0 V                 ; -                  ; n/a           ; n/a             ; n/a         ;
; HEX5[1] ; 2.5 V        ; 0 in              ; 0 H/in                  ; 0 F/in                  ; short         ; -                   ; open           ; open             ; open   ; 0 in             ; 0 H/in                 ; 0 F/in                 ; short        ; open          ; open            ; open  ; 0 V                 ; -                  ; n/a           ; n/a             ; n/a         ;
; HEX5[2] ; 2.5 V        ; 0 in              ; 0 H/in                  ; 0 F/in                  ; short         ; -                   ; open           ; open             ; open   ; 0 in             ; 0 H/in                 ; 0 F/in                 ; short        ; open          ; open            ; open  ; 0 V                 ; -                  ; n/a           ; n/a             ; n/a         ;
; HEX5[3] ; 2.5 V        ; 0 in              ; 0 H/in                  ; 0 F/in                  ; short         ; -                   ; open           ; open             ; open   ; 0 in             ; 0 H/in                 ; 0 F/in                 ; short        ; open          ; open            ; open  ; 0 V                 ; -                  ; n/a           ; n/a             ; n/a         ;
; HEX5[4] ; 2.5 V        ; 0 in              ; 0 H/in                  ; 0 F/in                  ; short         ; -                   ; open           ; open             ; open   ; 0 in             ; 0 H/in                 ; 0 F/in                 ; short        ; open          ; open            ; open  ; 0 V                 ; -                  ; n/a           ; n/a             ; n/a         ;
; HEX5[5] ; 2.5 V        ; 0 in              ; 0 H/in                  ; 0 F/in                  ; short         ; -                   ; open           ; open             ; open   ; 0 in             ; 0 H/in                 ; 0 F/in                 ; short        ; open          ; open            ; open  ; 0 V                 ; -                  ; n/a           ; n/a             ; n/a         ;
; HEX5[6] ; 2.5 V        ; 0 in              ; 0 H/in                  ; 0 F/in                  ; short         ; -                   ; open           ; open             ; open   ; 0 in             ; 0 H/in                 ; 0 F/in                 ; short        ; open          ; open            ; open  ; 0 V                 ; -                  ; n/a           ; n/a             ; n/a         ;
+---------+--------------+-------------------+-------------------------+-------------------------+---------------+---------------------+----------------+------------------+--------+------------------+------------------------+------------------------+--------------+---------------+-----------------+-------+---------------------+--------------------+---------------+-----------------+-------------+


+-------------------------------------------------------------+
; Input Transition Times                                      ;
+----------+--------------+-----------------+-----------------+
; Pin      ; I/O Standard ; 10-90 Rise Time ; 90-10 Fall Time ;
+----------+--------------+-----------------+-----------------+
; CLOCK_50 ; 2.5 V        ; 2000 ps         ; 2000 ps         ;
; B        ; 2.5 V        ; 2000 ps         ; 2000 ps         ;
; A        ; 2.5 V        ; 2000 ps         ; 2000 ps         ;
+----------+--------------+-----------------+-----------------+


+--------------------------------------------------------------------------------------------------------------------------------------------------------------------------------------------------------------------------------------------------------------------------------------------------------------------------------------------------------------------------------------------------------------------------------------------------------------------------------------------------------------------------------------------------------------------------------------------------------------------------------------------------------------------------------------+
; Signal Integrity Metrics (Slow 1100mv 0c Model)                                                                                                                                                                                                                                                                                                                                                                                                                                                                                                                                                                                                                                      ;
+---------+--------------+---------------------+---------------------+------------------------------+------------------------------+---------------------+---------------------+--------------------------------------+--------------------------------------+-----------------------------+-----------------------------+----------------------------+----------------------------+-----------------------------+-----------------------------+--------------------+--------------------+-------------------------------------+-------------------------------------+----------------------------+----------------------------+---------------------------+---------------------------+
; Pin     ; I/O Standard ; Board Delay on Rise ; Board Delay on Fall ; Steady State Voh at FPGA Pin ; Steady State Vol at FPGA Pin ; Voh Max at FPGA Pin ; Vol Min at FPGA Pin ; Ringback Voltage on Rise at FPGA Pin ; Ringback Voltage on Fall at FPGA Pin ; 10-90 Rise Time at FPGA Pin ; 90-10 Fall Time at FPGA Pin ; Monotonic Rise at FPGA Pin ; Monotonic Fall at FPGA Pin ; Steady State Voh at Far-end ; Steady State Vol at Far-end ; Voh Max at Far-end ; Vol Min at Far-end ; Ringback Voltage on Rise at Far-end ; Ringback Voltage on Fall at Far-end ; 10-90 Rise Time at Far-end ; 90-10 Fall Time at Far-end ; Monotonic Rise at Far-end ; Monotonic Fall at Far-end ;
+---------+--------------+---------------------+---------------------+------------------------------+------------------------------+---------------------+---------------------+--------------------------------------+--------------------------------------+-----------------------------+-----------------------------+----------------------------+----------------------------+-----------------------------+-----------------------------+--------------------+--------------------+-------------------------------------+-------------------------------------+----------------------------+----------------------------+---------------------------+---------------------------+
; HEX0[0] ; 2.5 V        ; 0 s                 ; 0 s                 ; 2.32 V                       ; 2.15e-07 V                   ; 2.41 V              ; -0.0495 V           ; 0.18 V                               ; 0.115 V                              ; 4.54e-10 s                  ; 4.44e-10 s                  ; No                         ; Yes                        ; 2.32 V                      ; 2.15e-07 V                  ; 2.41 V             ; -0.0495 V          ; 0.18 V                              ; 0.115 V                             ; 4.54e-10 s                 ; 4.44e-10 s                 ; No                        ; Yes                       ;
; HEX0[1] ; 2.5 V        ; 0 s                 ; 0 s                 ; 2.32 V                       ; 2.15e-07 V                   ; 2.41 V              ; -0.0492 V           ; 0.181 V                              ; 0.116 V                              ; 4.54e-10 s                  ; 4.44e-10 s                  ; No                         ; Yes                        ; 2.32 V                      ; 2.15e-07 V                  ; 2.41 V             ; -0.0492 V          ; 0.181 V                             ; 0.116 V                             ; 4.54e-10 s                 ; 4.44e-10 s                 ; No                        ; Yes                       ;
; HEX0[2] ; 2.5 V        ; 0 s                 ; 0 s                 ; 2.32 V                       ; 2.15e-07 V                   ; 2.41 V              ; -0.0492 V           ; 0.181 V                              ; 0.116 V                              ; 4.54e-10 s                  ; 4.44e-10 s                  ; No                         ; Yes                        ; 2.32 V                      ; 2.15e-07 V                  ; 2.41 V             ; -0.0492 V          ; 0.181 V                             ; 0.116 V                             ; 4.54e-10 s                 ; 4.44e-10 s                 ; No                        ; Yes                       ;
; HEX0[3] ; 2.5 V        ; 0 s                 ; 0 s                 ; 2.32 V                       ; 2.15e-07 V                   ; 2.41 V              ; -0.0492 V           ; 0.181 V                              ; 0.116 V                              ; 4.54e-10 s                  ; 4.44e-10 s                  ; No                         ; Yes                        ; 2.32 V                      ; 2.15e-07 V                  ; 2.41 V             ; -0.0492 V          ; 0.181 V                             ; 0.116 V                             ; 4.54e-10 s                 ; 4.44e-10 s                 ; No                        ; Yes                       ;
; HEX0[4] ; 2.5 V        ; 0 s                 ; 0 s                 ; 2.32 V                       ; 2.15e-07 V                   ; 2.41 V              ; -0.0495 V           ; 0.18 V                               ; 0.115 V                              ; 4.54e-10 s                  ; 4.44e-10 s                  ; No                         ; Yes                        ; 2.32 V                      ; 2.15e-07 V                  ; 2.41 V             ; -0.0495 V          ; 0.18 V                              ; 0.115 V                             ; 4.54e-10 s                 ; 4.44e-10 s                 ; No                        ; Yes                       ;
; HEX0[5] ; 2.5 V        ; 0 s                 ; 0 s                 ; 2.32 V                       ; 2.15e-07 V                   ; 2.41 V              ; -0.0495 V           ; 0.18 V                               ; 0.115 V                              ; 4.54e-10 s                  ; 4.44e-10 s                  ; No                         ; Yes                        ; 2.32 V                      ; 2.15e-07 V                  ; 2.41 V             ; -0.0495 V          ; 0.18 V                              ; 0.115 V                             ; 4.54e-10 s                 ; 4.44e-10 s                 ; No                        ; Yes                       ;
; HEX0[6] ; 2.5 V        ; 0 s                 ; 0 s                 ; 2.32 V                       ; 2.15e-07 V                   ; 2.41 V              ; -0.0492 V           ; 0.181 V                              ; 0.116 V                              ; 4.54e-10 s                  ; 4.44e-10 s                  ; No                         ; Yes                        ; 2.32 V                      ; 2.15e-07 V                  ; 2.41 V             ; -0.0492 V          ; 0.181 V                             ; 0.116 V                             ; 4.54e-10 s                 ; 4.44e-10 s                 ; No                        ; Yes                       ;
; HEX1[0] ; 2.5 V        ; 0 s                 ; 0 s                 ; 2.32 V                       ; 2.15e-07 V                   ; 2.41 V              ; -0.0492 V           ; 0.181 V                              ; 0.116 V                              ; 4.54e-10 s                  ; 4.44e-10 s                  ; No                         ; Yes                        ; 2.32 V                      ; 2.15e-07 V                  ; 2.41 V             ; -0.0492 V          ; 0.181 V                             ; 0.116 V                             ; 4.54e-10 s                 ; 4.44e-10 s                 ; No                        ; Yes                       ;
; HEX1[1] ; 2.5 V        ; 0 s                 ; 0 s                 ; 2.32 V                       ; 2.15e-07 V                   ; 2.41 V              ; -0.0495 V           ; 0.18 V                               ; 0.115 V                              ; 4.54e-10 s                  ; 4.44e-10 s                  ; No                         ; Yes                        ; 2.32 V                      ; 2.15e-07 V                  ; 2.41 V             ; -0.0495 V          ; 0.18 V                              ; 0.115 V                             ; 4.54e-10 s                 ; 4.44e-10 s                 ; No                        ; Yes                       ;
; HEX1[2] ; 2.5 V        ; 0 s                 ; 0 s                 ; 2.32 V                       ; 2.15e-07 V                   ; 2.41 V              ; -0.0495 V           ; 0.18 V                               ; 0.115 V                              ; 4.54e-10 s                  ; 4.44e-10 s                  ; No                         ; Yes                        ; 2.32 V                      ; 2.15e-07 V                  ; 2.41 V             ; -0.0495 V          ; 0.18 V                              ; 0.115 V                             ; 4.54e-10 s                 ; 4.44e-10 s                 ; No                        ; Yes                       ;
; HEX1[3] ; 2.5 V        ; 0 s                 ; 0 s                 ; 2.32 V                       ; 2.15e-07 V                   ; 2.41 V              ; -0.0492 V           ; 0.181 V                              ; 0.116 V                              ; 4.54e-10 s                  ; 4.44e-10 s                  ; No                         ; Yes                        ; 2.32 V                      ; 2.15e-07 V                  ; 2.41 V             ; -0.0492 V          ; 0.181 V                             ; 0.116 V                             ; 4.54e-10 s                 ; 4.44e-10 s                 ; No                        ; Yes                       ;
; HEX1[4] ; 2.5 V        ; 0 s                 ; 0 s                 ; 2.32 V                       ; 2.15e-07 V                   ; 2.41 V              ; -0.0492 V           ; 0.181 V                              ; 0.116 V                              ; 4.54e-10 s                  ; 4.44e-10 s                  ; No                         ; Yes                        ; 2.32 V                      ; 2.15e-07 V                  ; 2.41 V             ; -0.0492 V          ; 0.181 V                             ; 0.116 V                             ; 4.54e-10 s                 ; 4.44e-10 s                 ; No                        ; Yes                       ;
; HEX1[5] ; 2.5 V        ; 0 s                 ; 0 s                 ; 2.32 V                       ; 2.15e-07 V                   ; 2.41 V              ; -0.0495 V           ; 0.18 V                               ; 0.115 V                              ; 4.54e-10 s                  ; 4.44e-10 s                  ; No                         ; Yes                        ; 2.32 V                      ; 2.15e-07 V                  ; 2.41 V             ; -0.0495 V          ; 0.18 V                              ; 0.115 V                             ; 4.54e-10 s                 ; 4.44e-10 s                 ; No                        ; Yes                       ;
; HEX1[6] ; 2.5 V        ; 0 s                 ; 0 s                 ; 2.32 V                       ; 2.15e-07 V                   ; 2.41 V              ; -0.0495 V           ; 0.18 V                               ; 0.115 V                              ; 4.54e-10 s                  ; 4.44e-10 s                  ; No                         ; Yes                        ; 2.32 V                      ; 2.15e-07 V                  ; 2.41 V             ; -0.0495 V          ; 0.18 V                              ; 0.115 V                             ; 4.54e-10 s                 ; 4.44e-10 s                 ; No                        ; Yes                       ;
; HEX2[0] ; 2.5 V        ; 0 s                 ; 0 s                 ; 2.32 V                       ; 2.19e-07 V                   ; 2.4 V               ; -0.039 V            ; 0.21 V                               ; 0.145 V                              ; 4.67e-10 s                  ; 4.63e-10 s                  ; No                         ; Yes                        ; 2.32 V                      ; 2.19e-07 V                  ; 2.4 V              ; -0.039 V           ; 0.21 V                              ; 0.145 V                             ; 4.67e-10 s                 ; 4.63e-10 s                 ; No                        ; Yes                       ;
; HEX2[1] ; 2.5 V        ; 0 s                 ; 0 s                 ; 2.32 V                       ; 2.15e-07 V                   ; 2.41 V              ; -0.0495 V           ; 0.18 V                               ; 0.115 V                              ; 4.54e-10 s                  ; 4.44e-10 s                  ; No                         ; Yes                        ; 2.32 V                      ; 2.15e-07 V                  ; 2.41 V             ; -0.0495 V          ; 0.18 V                              ; 0.115 V                             ; 4.54e-10 s                 ; 4.44e-10 s                 ; No                        ; Yes                       ;
; HEX2[2] ; 2.5 V        ; 0 s                 ; 0 s                 ; 2.32 V                       ; 2.15e-07 V                   ; 2.41 V              ; -0.0495 V           ; 0.18 V                               ; 0.115 V                              ; 4.54e-10 s                  ; 4.44e-10 s                  ; No                         ; Yes                        ; 2.32 V                      ; 2.15e-07 V                  ; 2.41 V             ; -0.0495 V          ; 0.18 V                              ; 0.115 V                             ; 4.54e-10 s                 ; 4.44e-10 s                 ; No                        ; Yes                       ;
; HEX2[3] ; 2.5 V        ; 0 s                 ; 0 s                 ; 2.32 V                       ; 1.88e-07 V                   ; 2.35 V              ; -0.0185 V           ; 0.153 V                              ; 0.099 V                              ; 4.6e-10 s                   ; 4.48e-10 s                  ; No                         ; Yes                        ; 2.32 V                      ; 1.88e-07 V                  ; 2.35 V             ; -0.0185 V          ; 0.153 V                             ; 0.099 V                             ; 4.6e-10 s                  ; 4.48e-10 s                 ; No                        ; Yes                       ;
; HEX2[4] ; 2.5 V        ; 0 s                 ; 0 s                 ; 2.32 V                       ; 1.88e-07 V                   ; 2.35 V              ; -0.0185 V           ; 0.153 V                              ; 0.099 V                              ; 4.6e-10 s                   ; 4.48e-10 s                  ; No                         ; Yes                        ; 2.32 V                      ; 1.88e-07 V                  ; 2.35 V             ; -0.0185 V          ; 0.153 V                             ; 0.099 V                             ; 4.6e-10 s                  ; 4.48e-10 s                 ; No                        ; Yes                       ;
; HEX2[5] ; 2.5 V        ; 0 s                 ; 0 s                 ; 2.32 V                       ; 2.15e-07 V                   ; 2.41 V              ; -0.0495 V           ; 0.18 V                               ; 0.115 V                              ; 4.54e-10 s                  ; 4.44e-10 s                  ; No                         ; Yes                        ; 2.32 V                      ; 2.15e-07 V                  ; 2.41 V             ; -0.0495 V          ; 0.18 V                              ; 0.115 V                             ; 4.54e-10 s                 ; 4.44e-10 s                 ; No                        ; Yes                       ;
; HEX2[6] ; 2.5 V        ; 0 s                 ; 0 s                 ; 2.32 V                       ; 2.15e-07 V                   ; 2.41 V              ; -0.0492 V           ; 0.181 V                              ; 0.116 V                              ; 4.54e-10 s                  ; 4.44e-10 s                  ; No                         ; Yes                        ; 2.32 V                      ; 2.15e-07 V                  ; 2.41 V             ; -0.0492 V          ; 0.181 V                             ; 0.116 V                             ; 4.54e-10 s                 ; 4.44e-10 s                 ; No                        ; Yes                       ;
; HEX3[0] ; 2.5 V        ; 0 s                 ; 0 s                 ; 2.32 V                       ; 1.88e-07 V                   ; 2.35 V              ; -0.0185 V           ; 0.153 V                              ; 0.099 V                              ; 4.6e-10 s                   ; 4.48e-10 s                  ; No                         ; Yes                        ; 2.32 V                      ; 1.88e-07 V                  ; 2.35 V             ; -0.0185 V          ; 0.153 V                             ; 0.099 V                             ; 4.6e-10 s                  ; 4.48e-10 s                 ; No                        ; Yes                       ;
; HEX3[1] ; 2.5 V        ; 0 s                 ; 0 s                 ; 2.32 V                       ; 2.19e-07 V                   ; 2.4 V               ; -0.039 V            ; 0.21 V                               ; 0.145 V                              ; 4.67e-10 s                  ; 4.63e-10 s                  ; No                         ; Yes                        ; 2.32 V                      ; 2.19e-07 V                  ; 2.4 V              ; -0.039 V           ; 0.21 V                              ; 0.145 V                             ; 4.67e-10 s                 ; 4.63e-10 s                 ; No                        ; Yes                       ;
; HEX3[2] ; 2.5 V        ; 0 s                 ; 0 s                 ; 2.32 V                       ; 2.19e-07 V                   ; 2.4 V               ; -0.039 V            ; 0.21 V                               ; 0.145 V                              ; 4.67e-10 s                  ; 4.63e-10 s                  ; No                         ; Yes                        ; 2.32 V                      ; 2.19e-07 V                  ; 2.4 V              ; -0.039 V           ; 0.21 V                              ; 0.145 V                             ; 4.67e-10 s                 ; 4.63e-10 s                 ; No                        ; Yes                       ;
; HEX3[3] ; 2.5 V        ; 0 s                 ; 0 s                 ; 2.32 V                       ; 1.88e-07 V                   ; 2.35 V              ; -0.0185 V           ; 0.153 V                              ; 0.099 V                              ; 4.6e-10 s                   ; 4.48e-10 s                  ; No                         ; Yes                        ; 2.32 V                      ; 1.88e-07 V                  ; 2.35 V             ; -0.0185 V          ; 0.153 V                             ; 0.099 V                             ; 4.6e-10 s                  ; 4.48e-10 s                 ; No                        ; Yes                       ;
; HEX3[4] ; 2.5 V        ; 0 s                 ; 0 s                 ; 2.32 V                       ; 2.19e-07 V                   ; 2.4 V               ; -0.039 V            ; 0.21 V                               ; 0.145 V                              ; 4.67e-10 s                  ; 4.63e-10 s                  ; No                         ; Yes                        ; 2.32 V                      ; 2.19e-07 V                  ; 2.4 V              ; -0.039 V           ; 0.21 V                              ; 0.145 V                             ; 4.67e-10 s                 ; 4.63e-10 s                 ; No                        ; Yes                       ;
; HEX3[5] ; 2.5 V        ; 0 s                 ; 0 s                 ; 2.32 V                       ; 2.19e-07 V                   ; 2.4 V               ; -0.039 V            ; 0.21 V                               ; 0.145 V                              ; 4.67e-10 s                  ; 4.63e-10 s                  ; No                         ; Yes                        ; 2.32 V                      ; 2.19e-07 V                  ; 2.4 V              ; -0.039 V           ; 0.21 V                              ; 0.145 V                             ; 4.67e-10 s                 ; 4.63e-10 s                 ; No                        ; Yes                       ;
; HEX3[6] ; 2.5 V        ; 0 s                 ; 0 s                 ; 2.32 V                       ; 1.88e-07 V                   ; 2.35 V              ; -0.0185 V           ; 0.153 V                              ; 0.099 V                              ; 4.6e-10 s                   ; 4.48e-10 s                  ; No                         ; Yes                        ; 2.32 V                      ; 1.88e-07 V                  ; 2.35 V             ; -0.0185 V          ; 0.153 V                             ; 0.099 V                             ; 4.6e-10 s                  ; 4.48e-10 s                 ; No                        ; Yes                       ;
; HEX4[0] ; 2.5 V        ; 0 s                 ; 0 s                 ; 2.32 V                       ; 2.15e-07 V                   ; 2.41 V              ; -0.0492 V           ; 0.181 V                              ; 0.116 V                              ; 4.54e-10 s                  ; 4.44e-10 s                  ; No                         ; Yes                        ; 2.32 V                      ; 2.15e-07 V                  ; 2.41 V             ; -0.0492 V          ; 0.181 V                             ; 0.116 V                             ; 4.54e-10 s                 ; 4.44e-10 s                 ; No                        ; Yes                       ;
; HEX4[1] ; 2.5 V        ; 0 s                 ; 0 s                 ; 2.32 V                       ; 1.88e-07 V                   ; 2.35 V              ; -0.0185 V           ; 0.153 V                              ; 0.099 V                              ; 4.6e-10 s                   ; 4.48e-10 s                  ; No                         ; Yes                        ; 2.32 V                      ; 1.88e-07 V                  ; 2.35 V             ; -0.0185 V          ; 0.153 V                             ; 0.099 V                             ; 4.6e-10 s                  ; 4.48e-10 s                 ; No                        ; Yes                       ;
; HEX4[2] ; 2.5 V        ; 0 s                 ; 0 s                 ; 2.32 V                       ; 1.88e-07 V                   ; 2.35 V              ; -0.0185 V           ; 0.153 V                              ; 0.099 V                              ; 4.6e-10 s                   ; 4.48e-10 s                  ; No                         ; Yes                        ; 2.32 V                      ; 1.88e-07 V                  ; 2.35 V             ; -0.0185 V          ; 0.153 V                             ; 0.099 V                             ; 4.6e-10 s                  ; 4.48e-10 s                 ; No                        ; Yes                       ;
; HEX4[3] ; 2.5 V        ; 0 s                 ; 0 s                 ; 2.32 V                       ; 1.88e-07 V                   ; 2.35 V              ; -0.0185 V           ; 0.153 V                              ; 0.099 V                              ; 4.6e-10 s                   ; 4.48e-10 s                  ; No                         ; Yes                        ; 2.32 V                      ; 1.88e-07 V                  ; 2.35 V             ; -0.0185 V          ; 0.153 V                             ; 0.099 V                             ; 4.6e-10 s                  ; 4.48e-10 s                 ; No                        ; Yes                       ;
; HEX4[4] ; 2.5 V        ; 0 s                 ; 0 s                 ; 2.32 V                       ; 2.19e-07 V                   ; 2.4 V               ; -0.039 V            ; 0.21 V                               ; 0.145 V                              ; 4.67e-10 s                  ; 4.63e-10 s                  ; No                         ; Yes                        ; 2.32 V                      ; 2.19e-07 V                  ; 2.4 V              ; -0.039 V           ; 0.21 V                              ; 0.145 V                             ; 4.67e-10 s                 ; 4.63e-10 s                 ; No                        ; Yes                       ;
; HEX4[5] ; 2.5 V        ; 0 s                 ; 0 s                 ; 2.32 V                       ; 2.19e-07 V                   ; 2.4 V               ; -0.039 V            ; 0.21 V                               ; 0.145 V                              ; 4.67e-10 s                  ; 4.63e-10 s                  ; No                         ; Yes                        ; 2.32 V                      ; 2.19e-07 V                  ; 2.4 V              ; -0.039 V           ; 0.21 V                              ; 0.145 V                             ; 4.67e-10 s                 ; 4.63e-10 s                 ; No                        ; Yes                       ;
; HEX4[6] ; 2.5 V        ; 0 s                 ; 0 s                 ; 2.32 V                       ; 1.88e-07 V                   ; 2.35 V              ; -0.0185 V           ; 0.153 V                              ; 0.099 V                              ; 4.6e-10 s                   ; 4.48e-10 s                  ; No                         ; Yes                        ; 2.32 V                      ; 1.88e-07 V                  ; 2.35 V             ; -0.0185 V          ; 0.153 V                             ; 0.099 V                             ; 4.6e-10 s                  ; 4.48e-10 s                 ; No                        ; Yes                       ;
; HEX5[0] ; 2.5 V        ; 0 s                 ; 0 s                 ; 2.32 V                       ; 2.19e-07 V                   ; 2.4 V               ; -0.039 V            ; 0.21 V                               ; 0.145 V                              ; 4.67e-10 s                  ; 4.63e-10 s                  ; No                         ; Yes                        ; 2.32 V                      ; 2.19e-07 V                  ; 2.4 V              ; -0.039 V           ; 0.21 V                              ; 0.145 V                             ; 4.67e-10 s                 ; 4.63e-10 s                 ; No                        ; Yes                       ;
; HEX5[1] ; 2.5 V        ; 0 s                 ; 0 s                 ; 2.32 V                       ; 1.88e-07 V                   ; 2.35 V              ; -0.0185 V           ; 0.153 V                              ; 0.099 V                              ; 4.6e-10 s                   ; 4.48e-10 s                  ; No                         ; Yes                        ; 2.32 V                      ; 1.88e-07 V                  ; 2.35 V             ; -0.0185 V          ; 0.153 V                             ; 0.099 V                             ; 4.6e-10 s                  ; 4.48e-10 s                 ; No                        ; Yes                       ;
; HEX5[2] ; 2.5 V        ; 0 s                 ; 0 s                 ; 2.32 V                       ; 1.88e-07 V                   ; 2.35 V              ; -0.0185 V           ; 0.153 V                              ; 0.099 V                              ; 4.6e-10 s                   ; 4.48e-10 s                  ; No                         ; Yes                        ; 2.32 V                      ; 1.88e-07 V                  ; 2.35 V             ; -0.0185 V          ; 0.153 V                             ; 0.099 V                             ; 4.6e-10 s                  ; 4.48e-10 s                 ; No                        ; Yes                       ;
; HEX5[3] ; 2.5 V        ; 0 s                 ; 0 s                 ; 2.32 V                       ; 1.88e-07 V                   ; 2.35 V              ; -0.0185 V           ; 0.153 V                              ; 0.099 V                              ; 4.6e-10 s                   ; 4.48e-10 s                  ; No                         ; Yes                        ; 2.32 V                      ; 1.88e-07 V                  ; 2.35 V             ; -0.0185 V          ; 0.153 V                             ; 0.099 V                             ; 4.6e-10 s                  ; 4.48e-10 s                 ; No                        ; Yes                       ;
; HEX5[4] ; 2.5 V        ; 0 s                 ; 0 s                 ; 2.32 V                       ; 2.15e-07 V                   ; 2.41 V              ; -0.0495 V           ; 0.18 V                               ; 0.115 V                              ; 4.54e-10 s                  ; 4.44e-10 s                  ; No                         ; Yes                        ; 2.32 V                      ; 2.15e-07 V                  ; 2.41 V             ; -0.0495 V          ; 0.18 V                              ; 0.115 V                             ; 4.54e-10 s                 ; 4.44e-10 s                 ; No                        ; Yes                       ;
; HEX5[5] ; 2.5 V        ; 0 s                 ; 0 s                 ; 2.32 V                       ; 2.15e-07 V                   ; 2.41 V              ; -0.0492 V           ; 0.181 V                              ; 0.116 V                              ; 4.54e-10 s                  ; 4.44e-10 s                  ; No                         ; Yes                        ; 2.32 V                      ; 2.15e-07 V                  ; 2.41 V             ; -0.0492 V          ; 0.181 V                             ; 0.116 V                             ; 4.54e-10 s                 ; 4.44e-10 s                 ; No                        ; Yes                       ;
; HEX5[6] ; 2.5 V        ; 0 s                 ; 0 s                 ; 2.32 V                       ; 2.19e-07 V                   ; 2.4 V               ; -0.039 V            ; 0.21 V                               ; 0.145 V                              ; 4.67e-10 s                  ; 4.63e-10 s                  ; No                         ; Yes                        ; 2.32 V                      ; 2.19e-07 V                  ; 2.4 V              ; -0.039 V           ; 0.21 V                              ; 0.145 V                             ; 4.67e-10 s                 ; 4.63e-10 s                 ; No                        ; Yes                       ;
+---------+--------------+---------------------+---------------------+------------------------------+------------------------------+---------------------+---------------------+--------------------------------------+--------------------------------------+-----------------------------+-----------------------------+----------------------------+----------------------------+-----------------------------+-----------------------------+--------------------+--------------------+-------------------------------------+-------------------------------------+----------------------------+----------------------------+---------------------------+---------------------------+


+--------------------------------------------------------------------------------------------------------------------------------------------------------------------------------------------------------------------------------------------------------------------------------------------------------------------------------------------------------------------------------------------------------------------------------------------------------------------------------------------------------------------------------------------------------------------------------------------------------------------------------------------------------------------------------------+
; Signal Integrity Metrics (Slow 1100mv 85c Model)                                                                                                                                                                                                                                                                                                                                                                                                                                                                                                                                                                                                                                     ;
+---------+--------------+---------------------+---------------------+------------------------------+------------------------------+---------------------+---------------------+--------------------------------------+--------------------------------------+-----------------------------+-----------------------------+----------------------------+----------------------------+-----------------------------+-----------------------------+--------------------+--------------------+-------------------------------------+-------------------------------------+----------------------------+----------------------------+---------------------------+---------------------------+
; Pin     ; I/O Standard ; Board Delay on Rise ; Board Delay on Fall ; Steady State Voh at FPGA Pin ; Steady State Vol at FPGA Pin ; Voh Max at FPGA Pin ; Vol Min at FPGA Pin ; Ringback Voltage on Rise at FPGA Pin ; Ringback Voltage on Fall at FPGA Pin ; 10-90 Rise Time at FPGA Pin ; 90-10 Fall Time at FPGA Pin ; Monotonic Rise at FPGA Pin ; Monotonic Fall at FPGA Pin ; Steady State Voh at Far-end ; Steady State Vol at Far-end ; Voh Max at Far-end ; Vol Min at Far-end ; Ringback Voltage on Rise at Far-end ; Ringback Voltage on Fall at Far-end ; 10-90 Rise Time at Far-end ; 90-10 Fall Time at Far-end ; Monotonic Rise at Far-end ; Monotonic Fall at Far-end ;
+---------+--------------+---------------------+---------------------+------------------------------+------------------------------+---------------------+---------------------+--------------------------------------+--------------------------------------+-----------------------------+-----------------------------+----------------------------+----------------------------+-----------------------------+-----------------------------+--------------------+--------------------+-------------------------------------+-------------------------------------+----------------------------+----------------------------+---------------------------+---------------------------+
; HEX0[0] ; 2.5 V        ; 0 s                 ; 0 s                 ; 2.32 V                       ; 2.52e-05 V                   ; 2.38 V              ; -0.0315 V           ; 0.205 V                              ; 0.182 V                              ; 4.74e-10 s                  ; 4.85e-10 s                  ; No                         ; Yes                        ; 2.32 V                      ; 2.52e-05 V                  ; 2.38 V             ; -0.0315 V          ; 0.205 V                             ; 0.182 V                             ; 4.74e-10 s                 ; 4.85e-10 s                 ; No                        ; Yes                       ;
; HEX0[1] ; 2.5 V        ; 0 s                 ; 0 s                 ; 2.32 V                       ; 2.52e-05 V                   ; 2.38 V              ; -0.032 V            ; 0.204 V                              ; 0.181 V                              ; 4.74e-10 s                  ; 4.85e-10 s                  ; No                         ; Yes                        ; 2.32 V                      ; 2.52e-05 V                  ; 2.38 V             ; -0.032 V           ; 0.204 V                             ; 0.181 V                             ; 4.74e-10 s                 ; 4.85e-10 s                 ; No                        ; Yes                       ;
; HEX0[2] ; 2.5 V        ; 0 s                 ; 0 s                 ; 2.32 V                       ; 2.52e-05 V                   ; 2.38 V              ; -0.032 V            ; 0.204 V                              ; 0.181 V                              ; 4.74e-10 s                  ; 4.85e-10 s                  ; No                         ; Yes                        ; 2.32 V                      ; 2.52e-05 V                  ; 2.38 V             ; -0.032 V           ; 0.204 V                             ; 0.181 V                             ; 4.74e-10 s                 ; 4.85e-10 s                 ; No                        ; Yes                       ;
; HEX0[3] ; 2.5 V        ; 0 s                 ; 0 s                 ; 2.32 V                       ; 2.52e-05 V                   ; 2.38 V              ; -0.032 V            ; 0.204 V                              ; 0.181 V                              ; 4.74e-10 s                  ; 4.85e-10 s                  ; No                         ; Yes                        ; 2.32 V                      ; 2.52e-05 V                  ; 2.38 V             ; -0.032 V           ; 0.204 V                             ; 0.181 V                             ; 4.74e-10 s                 ; 4.85e-10 s                 ; No                        ; Yes                       ;
; HEX0[4] ; 2.5 V        ; 0 s                 ; 0 s                 ; 2.32 V                       ; 2.52e-05 V                   ; 2.38 V              ; -0.0315 V           ; 0.205 V                              ; 0.182 V                              ; 4.74e-10 s                  ; 4.85e-10 s                  ; No                         ; Yes                        ; 2.32 V                      ; 2.52e-05 V                  ; 2.38 V             ; -0.0315 V          ; 0.205 V                             ; 0.182 V                             ; 4.74e-10 s                 ; 4.85e-10 s                 ; No                        ; Yes                       ;
; HEX0[5] ; 2.5 V        ; 0 s                 ; 0 s                 ; 2.32 V                       ; 2.52e-05 V                   ; 2.38 V              ; -0.0315 V           ; 0.205 V                              ; 0.182 V                              ; 4.74e-10 s                  ; 4.85e-10 s                  ; No                         ; Yes                        ; 2.32 V                      ; 2.52e-05 V                  ; 2.38 V             ; -0.0315 V          ; 0.205 V                             ; 0.182 V                             ; 4.74e-10 s                 ; 4.85e-10 s                 ; No                        ; Yes                       ;
; HEX0[6] ; 2.5 V        ; 0 s                 ; 0 s                 ; 2.32 V                       ; 2.52e-05 V                   ; 2.38 V              ; -0.032 V            ; 0.204 V                              ; 0.181 V                              ; 4.74e-10 s                  ; 4.85e-10 s                  ; No                         ; Yes                        ; 2.32 V                      ; 2.52e-05 V                  ; 2.38 V             ; -0.032 V           ; 0.204 V                             ; 0.181 V                             ; 4.74e-10 s                 ; 4.85e-10 s                 ; No                        ; Yes                       ;
; HEX1[0] ; 2.5 V        ; 0 s                 ; 0 s                 ; 2.32 V                       ; 2.52e-05 V                   ; 2.38 V              ; -0.032 V            ; 0.204 V                              ; 0.181 V                              ; 4.74e-10 s                  ; 4.85e-10 s                  ; No                         ; Yes                        ; 2.32 V                      ; 2.52e-05 V                  ; 2.38 V             ; -0.032 V           ; 0.204 V                             ; 0.181 V                             ; 4.74e-10 s                 ; 4.85e-10 s                 ; No                        ; Yes                       ;
; HEX1[1] ; 2.5 V        ; 0 s                 ; 0 s                 ; 2.32 V                       ; 2.52e-05 V                   ; 2.38 V              ; -0.0315 V           ; 0.205 V                              ; 0.182 V                              ; 4.74e-10 s                  ; 4.85e-10 s                  ; No                         ; Yes                        ; 2.32 V                      ; 2.52e-05 V                  ; 2.38 V             ; -0.0315 V          ; 0.205 V                             ; 0.182 V                             ; 4.74e-10 s                 ; 4.85e-10 s                 ; No                        ; Yes                       ;
; HEX1[2] ; 2.5 V        ; 0 s                 ; 0 s                 ; 2.32 V                       ; 2.52e-05 V                   ; 2.38 V              ; -0.0315 V           ; 0.205 V                              ; 0.182 V                              ; 4.74e-10 s                  ; 4.85e-10 s                  ; No                         ; Yes                        ; 2.32 V                      ; 2.52e-05 V                  ; 2.38 V             ; -0.0315 V          ; 0.205 V                             ; 0.182 V                             ; 4.74e-10 s                 ; 4.85e-10 s                 ; No                        ; Yes                       ;
; HEX1[3] ; 2.5 V        ; 0 s                 ; 0 s                 ; 2.32 V                       ; 2.52e-05 V                   ; 2.38 V              ; -0.032 V            ; 0.204 V                              ; 0.181 V                              ; 4.74e-10 s                  ; 4.85e-10 s                  ; No                         ; Yes                        ; 2.32 V                      ; 2.52e-05 V                  ; 2.38 V             ; -0.032 V           ; 0.204 V                             ; 0.181 V                             ; 4.74e-10 s                 ; 4.85e-10 s                 ; No                        ; Yes                       ;
; HEX1[4] ; 2.5 V        ; 0 s                 ; 0 s                 ; 2.32 V                       ; 2.52e-05 V                   ; 2.38 V              ; -0.032 V            ; 0.204 V                              ; 0.181 V                              ; 4.74e-10 s                  ; 4.85e-10 s                  ; No                         ; Yes                        ; 2.32 V                      ; 2.52e-05 V                  ; 2.38 V             ; -0.032 V           ; 0.204 V                             ; 0.181 V                             ; 4.74e-10 s                 ; 4.85e-10 s                 ; No                        ; Yes                       ;
; HEX1[5] ; 2.5 V        ; 0 s                 ; 0 s                 ; 2.32 V                       ; 2.52e-05 V                   ; 2.38 V              ; -0.0315 V           ; 0.205 V                              ; 0.182 V                              ; 4.74e-10 s                  ; 4.85e-10 s                  ; No                         ; Yes                        ; 2.32 V                      ; 2.52e-05 V                  ; 2.38 V             ; -0.0315 V          ; 0.205 V                             ; 0.182 V                             ; 4.74e-10 s                 ; 4.85e-10 s                 ; No                        ; Yes                       ;
; HEX1[6] ; 2.5 V        ; 0 s                 ; 0 s                 ; 2.32 V                       ; 2.52e-05 V                   ; 2.38 V              ; -0.0315 V           ; 0.205 V                              ; 0.182 V                              ; 4.74e-10 s                  ; 4.85e-10 s                  ; No                         ; Yes                        ; 2.32 V                      ; 2.52e-05 V                  ; 2.38 V             ; -0.0315 V          ; 0.205 V                             ; 0.182 V                             ; 4.74e-10 s                 ; 4.85e-10 s                 ; No                        ; Yes                       ;
; HEX2[0] ; 2.5 V        ; 0 s                 ; 0 s                 ; 2.32 V                       ; 2.56e-05 V                   ; 2.38 V              ; -0.026 V            ; 0.249 V                              ; 0.089 V                              ; 4.95e-10 s                  ; 6.01e-10 s                  ; No                         ; Yes                        ; 2.32 V                      ; 2.56e-05 V                  ; 2.38 V             ; -0.026 V           ; 0.249 V                             ; 0.089 V                             ; 4.95e-10 s                 ; 6.01e-10 s                 ; No                        ; Yes                       ;
; HEX2[1] ; 2.5 V        ; 0 s                 ; 0 s                 ; 2.32 V                       ; 2.52e-05 V                   ; 2.38 V              ; -0.0315 V           ; 0.205 V                              ; 0.182 V                              ; 4.74e-10 s                  ; 4.85e-10 s                  ; No                         ; Yes                        ; 2.32 V                      ; 2.52e-05 V                  ; 2.38 V             ; -0.0315 V          ; 0.205 V                             ; 0.182 V                             ; 4.74e-10 s                 ; 4.85e-10 s                 ; No                        ; Yes                       ;
; HEX2[2] ; 2.5 V        ; 0 s                 ; 0 s                 ; 2.32 V                       ; 2.52e-05 V                   ; 2.38 V              ; -0.0315 V           ; 0.205 V                              ; 0.182 V                              ; 4.74e-10 s                  ; 4.85e-10 s                  ; No                         ; Yes                        ; 2.32 V                      ; 2.52e-05 V                  ; 2.38 V             ; -0.0315 V          ; 0.205 V                             ; 0.182 V                             ; 4.74e-10 s                 ; 4.85e-10 s                 ; No                        ; Yes                       ;
; HEX2[3] ; 2.5 V        ; 0 s                 ; 0 s                 ; 2.32 V                       ; 2.27e-05 V                   ; 2.34 V              ; -0.0089 V           ; 0.206 V                              ; 0.058 V                              ; 4.97e-10 s                  ; 5.13e-10 s                  ; Yes                        ; Yes                        ; 2.32 V                      ; 2.27e-05 V                  ; 2.34 V             ; -0.0089 V          ; 0.206 V                             ; 0.058 V                             ; 4.97e-10 s                 ; 5.13e-10 s                 ; Yes                       ; Yes                       ;
; HEX2[4] ; 2.5 V        ; 0 s                 ; 0 s                 ; 2.32 V                       ; 2.27e-05 V                   ; 2.34 V              ; -0.0089 V           ; 0.206 V                              ; 0.058 V                              ; 4.97e-10 s                  ; 5.13e-10 s                  ; Yes                        ; Yes                        ; 2.32 V                      ; 2.27e-05 V                  ; 2.34 V             ; -0.0089 V          ; 0.206 V                             ; 0.058 V                             ; 4.97e-10 s                 ; 5.13e-10 s                 ; Yes                       ; Yes                       ;
; HEX2[5] ; 2.5 V        ; 0 s                 ; 0 s                 ; 2.32 V                       ; 2.52e-05 V                   ; 2.38 V              ; -0.0315 V           ; 0.205 V                              ; 0.182 V                              ; 4.74e-10 s                  ; 4.85e-10 s                  ; No                         ; Yes                        ; 2.32 V                      ; 2.52e-05 V                  ; 2.38 V             ; -0.0315 V          ; 0.205 V                             ; 0.182 V                             ; 4.74e-10 s                 ; 4.85e-10 s                 ; No                        ; Yes                       ;
; HEX2[6] ; 2.5 V        ; 0 s                 ; 0 s                 ; 2.32 V                       ; 2.52e-05 V                   ; 2.38 V              ; -0.032 V            ; 0.204 V                              ; 0.181 V                              ; 4.74e-10 s                  ; 4.85e-10 s                  ; No                         ; Yes                        ; 2.32 V                      ; 2.52e-05 V                  ; 2.38 V             ; -0.032 V           ; 0.204 V                             ; 0.181 V                             ; 4.74e-10 s                 ; 4.85e-10 s                 ; No                        ; Yes                       ;
; HEX3[0] ; 2.5 V        ; 0 s                 ; 0 s                 ; 2.32 V                       ; 2.27e-05 V                   ; 2.34 V              ; -0.0089 V           ; 0.206 V                              ; 0.058 V                              ; 4.97e-10 s                  ; 5.13e-10 s                  ; Yes                        ; Yes                        ; 2.32 V                      ; 2.27e-05 V                  ; 2.34 V             ; -0.0089 V          ; 0.206 V                             ; 0.058 V                             ; 4.97e-10 s                 ; 5.13e-10 s                 ; Yes                       ; Yes                       ;
; HEX3[1] ; 2.5 V        ; 0 s                 ; 0 s                 ; 2.32 V                       ; 2.56e-05 V                   ; 2.38 V              ; -0.026 V            ; 0.249 V                              ; 0.089 V                              ; 4.95e-10 s                  ; 6.01e-10 s                  ; No                         ; Yes                        ; 2.32 V                      ; 2.56e-05 V                  ; 2.38 V             ; -0.026 V           ; 0.249 V                             ; 0.089 V                             ; 4.95e-10 s                 ; 6.01e-10 s                 ; No                        ; Yes                       ;
; HEX3[2] ; 2.5 V        ; 0 s                 ; 0 s                 ; 2.32 V                       ; 2.56e-05 V                   ; 2.38 V              ; -0.026 V            ; 0.249 V                              ; 0.089 V                              ; 4.95e-10 s                  ; 6.01e-10 s                  ; No                         ; Yes                        ; 2.32 V                      ; 2.56e-05 V                  ; 2.38 V             ; -0.026 V           ; 0.249 V                             ; 0.089 V                             ; 4.95e-10 s                 ; 6.01e-10 s                 ; No                        ; Yes                       ;
; HEX3[3] ; 2.5 V        ; 0 s                 ; 0 s                 ; 2.32 V                       ; 2.27e-05 V                   ; 2.34 V              ; -0.0089 V           ; 0.206 V                              ; 0.058 V                              ; 4.97e-10 s                  ; 5.13e-10 s                  ; Yes                        ; Yes                        ; 2.32 V                      ; 2.27e-05 V                  ; 2.34 V             ; -0.0089 V          ; 0.206 V                             ; 0.058 V                             ; 4.97e-10 s                 ; 5.13e-10 s                 ; Yes                       ; Yes                       ;
; HEX3[4] ; 2.5 V        ; 0 s                 ; 0 s                 ; 2.32 V                       ; 2.56e-05 V                   ; 2.38 V              ; -0.026 V            ; 0.249 V                              ; 0.089 V                              ; 4.95e-10 s                  ; 6.01e-10 s                  ; No                         ; Yes                        ; 2.32 V                      ; 2.56e-05 V                  ; 2.38 V             ; -0.026 V           ; 0.249 V                             ; 0.089 V                             ; 4.95e-10 s                 ; 6.01e-10 s                 ; No                        ; Yes                       ;
; HEX3[5] ; 2.5 V        ; 0 s                 ; 0 s                 ; 2.32 V                       ; 2.56e-05 V                   ; 2.38 V              ; -0.026 V            ; 0.249 V                              ; 0.089 V                              ; 4.95e-10 s                  ; 6.01e-10 s                  ; No                         ; Yes                        ; 2.32 V                      ; 2.56e-05 V                  ; 2.38 V             ; -0.026 V           ; 0.249 V                             ; 0.089 V                             ; 4.95e-10 s                 ; 6.01e-10 s                 ; No                        ; Yes                       ;
; HEX3[6] ; 2.5 V        ; 0 s                 ; 0 s                 ; 2.32 V                       ; 2.27e-05 V                   ; 2.34 V              ; -0.0089 V           ; 0.206 V                              ; 0.058 V                              ; 4.97e-10 s                  ; 5.13e-10 s                  ; Yes                        ; Yes                        ; 2.32 V                      ; 2.27e-05 V                  ; 2.34 V             ; -0.0089 V          ; 0.206 V                             ; 0.058 V                             ; 4.97e-10 s                 ; 5.13e-10 s                 ; Yes                       ; Yes                       ;
; HEX4[0] ; 2.5 V        ; 0 s                 ; 0 s                 ; 2.32 V                       ; 2.52e-05 V                   ; 2.38 V              ; -0.032 V            ; 0.204 V                              ; 0.181 V                              ; 4.74e-10 s                  ; 4.85e-10 s                  ; No                         ; Yes                        ; 2.32 V                      ; 2.52e-05 V                  ; 2.38 V             ; -0.032 V           ; 0.204 V                             ; 0.181 V                             ; 4.74e-10 s                 ; 4.85e-10 s                 ; No                        ; Yes                       ;
; HEX4[1] ; 2.5 V        ; 0 s                 ; 0 s                 ; 2.32 V                       ; 2.27e-05 V                   ; 2.34 V              ; -0.0089 V           ; 0.206 V                              ; 0.058 V                              ; 4.97e-10 s                  ; 5.13e-10 s                  ; Yes                        ; Yes                        ; 2.32 V                      ; 2.27e-05 V                  ; 2.34 V             ; -0.0089 V          ; 0.206 V                             ; 0.058 V                             ; 4.97e-10 s                 ; 5.13e-10 s                 ; Yes                       ; Yes                       ;
; HEX4[2] ; 2.5 V        ; 0 s                 ; 0 s                 ; 2.32 V                       ; 2.27e-05 V                   ; 2.34 V              ; -0.0089 V           ; 0.206 V                              ; 0.058 V                              ; 4.97e-10 s                  ; 5.13e-10 s                  ; Yes                        ; Yes                        ; 2.32 V                      ; 2.27e-05 V                  ; 2.34 V             ; -0.0089 V          ; 0.206 V                             ; 0.058 V                             ; 4.97e-10 s                 ; 5.13e-10 s                 ; Yes                       ; Yes                       ;
; HEX4[3] ; 2.5 V        ; 0 s                 ; 0 s                 ; 2.32 V                       ; 2.27e-05 V                   ; 2.34 V              ; -0.0089 V           ; 0.206 V                              ; 0.058 V                              ; 4.97e-10 s                  ; 5.13e-10 s                  ; Yes                        ; Yes                        ; 2.32 V                      ; 2.27e-05 V                  ; 2.34 V             ; -0.0089 V          ; 0.206 V                             ; 0.058 V                             ; 4.97e-10 s                 ; 5.13e-10 s                 ; Yes                       ; Yes                       ;
; HEX4[4] ; 2.5 V        ; 0 s                 ; 0 s                 ; 2.32 V                       ; 2.56e-05 V                   ; 2.38 V              ; -0.026 V            ; 0.249 V                              ; 0.089 V                              ; 4.95e-10 s                  ; 6.01e-10 s                  ; No                         ; Yes                        ; 2.32 V                      ; 2.56e-05 V                  ; 2.38 V             ; -0.026 V           ; 0.249 V                             ; 0.089 V                             ; 4.95e-10 s                 ; 6.01e-10 s                 ; No                        ; Yes                       ;
; HEX4[5] ; 2.5 V        ; 0 s                 ; 0 s                 ; 2.32 V                       ; 2.56e-05 V                   ; 2.38 V              ; -0.026 V            ; 0.249 V                              ; 0.089 V                              ; 4.95e-10 s                  ; 6.01e-10 s                  ; No                         ; Yes                        ; 2.32 V                      ; 2.56e-05 V                  ; 2.38 V             ; -0.026 V           ; 0.249 V                             ; 0.089 V                             ; 4.95e-10 s                 ; 6.01e-10 s                 ; No                        ; Yes                       ;
; HEX4[6] ; 2.5 V        ; 0 s                 ; 0 s                 ; 2.32 V                       ; 2.27e-05 V                   ; 2.34 V              ; -0.0089 V           ; 0.206 V                              ; 0.058 V                              ; 4.97e-10 s                  ; 5.13e-10 s                  ; Yes                        ; Yes                        ; 2.32 V                      ; 2.27e-05 V                  ; 2.34 V             ; -0.0089 V          ; 0.206 V                             ; 0.058 V                             ; 4.97e-10 s                 ; 5.13e-10 s                 ; Yes                       ; Yes                       ;
; HEX5[0] ; 2.5 V        ; 0 s                 ; 0 s                 ; 2.32 V                       ; 2.56e-05 V                   ; 2.38 V              ; -0.026 V            ; 0.249 V                              ; 0.089 V                              ; 4.95e-10 s                  ; 6.01e-10 s                  ; No                         ; Yes                        ; 2.32 V                      ; 2.56e-05 V                  ; 2.38 V             ; -0.026 V           ; 0.249 V                             ; 0.089 V                             ; 4.95e-10 s                 ; 6.01e-10 s                 ; No                        ; Yes                       ;
; HEX5[1] ; 2.5 V        ; 0 s                 ; 0 s                 ; 2.32 V                       ; 2.27e-05 V                   ; 2.34 V              ; -0.0089 V           ; 0.206 V                              ; 0.058 V                              ; 4.97e-10 s                  ; 5.13e-10 s                  ; Yes                        ; Yes                        ; 2.32 V                      ; 2.27e-05 V                  ; 2.34 V             ; -0.0089 V          ; 0.206 V                             ; 0.058 V                             ; 4.97e-10 s                 ; 5.13e-10 s                 ; Yes                       ; Yes                       ;
; HEX5[2] ; 2.5 V        ; 0 s                 ; 0 s                 ; 2.32 V                       ; 2.27e-05 V                   ; 2.34 V              ; -0.0089 V           ; 0.206 V                              ; 0.058 V                              ; 4.97e-10 s                  ; 5.13e-10 s                  ; Yes                        ; Yes                        ; 2.32 V                      ; 2.27e-05 V                  ; 2.34 V             ; -0.0089 V          ; 0.206 V                             ; 0.058 V                             ; 4.97e-10 s                 ; 5.13e-10 s                 ; Yes                       ; Yes                       ;
; HEX5[3] ; 2.5 V        ; 0 s                 ; 0 s                 ; 2.32 V                       ; 2.27e-05 V                   ; 2.34 V              ; -0.0089 V           ; 0.206 V                              ; 0.058 V                              ; 4.97e-10 s                  ; 5.13e-10 s                  ; Yes                        ; Yes                        ; 2.32 V                      ; 2.27e-05 V                  ; 2.34 V             ; -0.0089 V          ; 0.206 V                             ; 0.058 V                             ; 4.97e-10 s                 ; 5.13e-10 s                 ; Yes                       ; Yes                       ;
; HEX5[4] ; 2.5 V        ; 0 s                 ; 0 s                 ; 2.32 V                       ; 2.52e-05 V                   ; 2.38 V              ; -0.0315 V           ; 0.205 V                              ; 0.182 V                              ; 4.74e-10 s                  ; 4.85e-10 s                  ; No                         ; Yes                        ; 2.32 V                      ; 2.52e-05 V                  ; 2.38 V             ; -0.0315 V          ; 0.205 V                             ; 0.182 V                             ; 4.74e-10 s                 ; 4.85e-10 s                 ; No                        ; Yes                       ;
; HEX5[5] ; 2.5 V        ; 0 s                 ; 0 s                 ; 2.32 V                       ; 2.52e-05 V                   ; 2.38 V              ; -0.032 V            ; 0.204 V                              ; 0.181 V                              ; 4.74e-10 s                  ; 4.85e-10 s                  ; No                         ; Yes                        ; 2.32 V                      ; 2.52e-05 V                  ; 2.38 V             ; -0.032 V           ; 0.204 V                             ; 0.181 V                             ; 4.74e-10 s                 ; 4.85e-10 s                 ; No                        ; Yes                       ;
; HEX5[6] ; 2.5 V        ; 0 s                 ; 0 s                 ; 2.32 V                       ; 2.56e-05 V                   ; 2.38 V              ; -0.026 V            ; 0.249 V                              ; 0.089 V                              ; 4.95e-10 s                  ; 6.01e-10 s                  ; No                         ; Yes                        ; 2.32 V                      ; 2.56e-05 V                  ; 2.38 V             ; -0.026 V           ; 0.249 V                             ; 0.089 V                             ; 4.95e-10 s                 ; 6.01e-10 s                 ; No                        ; Yes                       ;
+---------+--------------+---------------------+---------------------+------------------------------+------------------------------+---------------------+---------------------+--------------------------------------+--------------------------------------+-----------------------------+-----------------------------+----------------------------+----------------------------+-----------------------------+-----------------------------+--------------------+--------------------+-------------------------------------+-------------------------------------+----------------------------+----------------------------+---------------------------+---------------------------+


+--------------------------------------------------------------------------------------------------------------------------------------------------------------------------------------------------------------------------------------------------------------------------------------------------------------------------------------------------------------------------------------------------------------------------------------------------------------------------------------------------------------------------------------------------------------------------------------------------------------------------------------------------------------------------------------+
; Signal Integrity Metrics (Fast 1100mv 0c Model)                                                                                                                                                                                                                                                                                                                                                                                                                                                                                                                                                                                                                                      ;
+---------+--------------+---------------------+---------------------+------------------------------+------------------------------+---------------------+---------------------+--------------------------------------+--------------------------------------+-----------------------------+-----------------------------+----------------------------+----------------------------+-----------------------------+-----------------------------+--------------------+--------------------+-------------------------------------+-------------------------------------+----------------------------+----------------------------+---------------------------+---------------------------+
; Pin     ; I/O Standard ; Board Delay on Rise ; Board Delay on Fall ; Steady State Voh at FPGA Pin ; Steady State Vol at FPGA Pin ; Voh Max at FPGA Pin ; Vol Min at FPGA Pin ; Ringback Voltage on Rise at FPGA Pin ; Ringback Voltage on Fall at FPGA Pin ; 10-90 Rise Time at FPGA Pin ; 90-10 Fall Time at FPGA Pin ; Monotonic Rise at FPGA Pin ; Monotonic Fall at FPGA Pin ; Steady State Voh at Far-end ; Steady State Vol at Far-end ; Voh Max at Far-end ; Vol Min at Far-end ; Ringback Voltage on Rise at Far-end ; Ringback Voltage on Fall at Far-end ; 10-90 Rise Time at Far-end ; 90-10 Fall Time at Far-end ; Monotonic Rise at Far-end ; Monotonic Fall at Far-end ;
+---------+--------------+---------------------+---------------------+------------------------------+------------------------------+---------------------+---------------------+--------------------------------------+--------------------------------------+-----------------------------+-----------------------------+----------------------------+----------------------------+-----------------------------+-----------------------------+--------------------+--------------------+-------------------------------------+-------------------------------------+----------------------------+----------------------------+---------------------------+---------------------------+
; HEX0[0] ; 2.5 V        ; 0 s                 ; 0 s                 ; 2.75 V                       ; 4.14e-06 V                   ; 2.91 V              ; -0.121 V            ; 0.326 V                              ; 0.297 V                              ; 2.74e-10 s                  ; 2.8e-10 s                   ; No                         ; No                         ; 2.75 V                      ; 4.14e-06 V                  ; 2.91 V             ; -0.121 V           ; 0.326 V                             ; 0.297 V                             ; 2.74e-10 s                 ; 2.8e-10 s                  ; No                        ; No                        ;
; HEX0[1] ; 2.5 V        ; 0 s                 ; 0 s                 ; 2.75 V                       ; 4.14e-06 V                   ; 2.91 V              ; -0.119 V            ; 0.326 V                              ; 0.298 V                              ; 2.74e-10 s                  ; 2.8e-10 s                   ; No                         ; No                         ; 2.75 V                      ; 4.14e-06 V                  ; 2.91 V             ; -0.119 V           ; 0.326 V                             ; 0.298 V                             ; 2.74e-10 s                 ; 2.8e-10 s                  ; No                        ; No                        ;
; HEX0[2] ; 2.5 V        ; 0 s                 ; 0 s                 ; 2.75 V                       ; 4.14e-06 V                   ; 2.91 V              ; -0.119 V            ; 0.326 V                              ; 0.298 V                              ; 2.74e-10 s                  ; 2.8e-10 s                   ; No                         ; No                         ; 2.75 V                      ; 4.14e-06 V                  ; 2.91 V             ; -0.119 V           ; 0.326 V                             ; 0.298 V                             ; 2.74e-10 s                 ; 2.8e-10 s                  ; No                        ; No                        ;
; HEX0[3] ; 2.5 V        ; 0 s                 ; 0 s                 ; 2.75 V                       ; 4.14e-06 V                   ; 2.91 V              ; -0.119 V            ; 0.326 V                              ; 0.298 V                              ; 2.74e-10 s                  ; 2.8e-10 s                   ; No                         ; No                         ; 2.75 V                      ; 4.14e-06 V                  ; 2.91 V             ; -0.119 V           ; 0.326 V                             ; 0.298 V                             ; 2.74e-10 s                 ; 2.8e-10 s                  ; No                        ; No                        ;
; HEX0[4] ; 2.5 V        ; 0 s                 ; 0 s                 ; 2.75 V                       ; 4.14e-06 V                   ; 2.91 V              ; -0.121 V            ; 0.326 V                              ; 0.297 V                              ; 2.74e-10 s                  ; 2.8e-10 s                   ; No                         ; No                         ; 2.75 V                      ; 4.14e-06 V                  ; 2.91 V             ; -0.121 V           ; 0.326 V                             ; 0.297 V                             ; 2.74e-10 s                 ; 2.8e-10 s                  ; No                        ; No                        ;
; HEX0[5] ; 2.5 V        ; 0 s                 ; 0 s                 ; 2.75 V                       ; 4.14e-06 V                   ; 2.91 V              ; -0.121 V            ; 0.326 V                              ; 0.297 V                              ; 2.74e-10 s                  ; 2.8e-10 s                   ; No                         ; No                         ; 2.75 V                      ; 4.14e-06 V                  ; 2.91 V             ; -0.121 V           ; 0.326 V                             ; 0.297 V                             ; 2.74e-10 s                 ; 2.8e-10 s                  ; No                        ; No                        ;
; HEX0[6] ; 2.5 V        ; 0 s                 ; 0 s                 ; 2.75 V                       ; 4.14e-06 V                   ; 2.91 V              ; -0.119 V            ; 0.326 V                              ; 0.298 V                              ; 2.74e-10 s                  ; 2.8e-10 s                   ; No                         ; No                         ; 2.75 V                      ; 4.14e-06 V                  ; 2.91 V             ; -0.119 V           ; 0.326 V                             ; 0.298 V                             ; 2.74e-10 s                 ; 2.8e-10 s                  ; No                        ; No                        ;
; HEX1[0] ; 2.5 V        ; 0 s                 ; 0 s                 ; 2.75 V                       ; 4.14e-06 V                   ; 2.91 V              ; -0.119 V            ; 0.326 V                              ; 0.298 V                              ; 2.74e-10 s                  ; 2.8e-10 s                   ; No                         ; No                         ; 2.75 V                      ; 4.14e-06 V                  ; 2.91 V             ; -0.119 V           ; 0.326 V                             ; 0.298 V                             ; 2.74e-10 s                 ; 2.8e-10 s                  ; No                        ; No                        ;
; HEX1[1] ; 2.5 V        ; 0 s                 ; 0 s                 ; 2.75 V                       ; 4.14e-06 V                   ; 2.91 V              ; -0.121 V            ; 0.326 V                              ; 0.297 V                              ; 2.74e-10 s                  ; 2.8e-10 s                   ; No                         ; No                         ; 2.75 V                      ; 4.14e-06 V                  ; 2.91 V             ; -0.121 V           ; 0.326 V                             ; 0.297 V                             ; 2.74e-10 s                 ; 2.8e-10 s                  ; No                        ; No                        ;
; HEX1[2] ; 2.5 V        ; 0 s                 ; 0 s                 ; 2.75 V                       ; 4.14e-06 V                   ; 2.91 V              ; -0.121 V            ; 0.326 V                              ; 0.297 V                              ; 2.74e-10 s                  ; 2.8e-10 s                   ; No                         ; No                         ; 2.75 V                      ; 4.14e-06 V                  ; 2.91 V             ; -0.121 V           ; 0.326 V                             ; 0.297 V                             ; 2.74e-10 s                 ; 2.8e-10 s                  ; No                        ; No                        ;
; HEX1[3] ; 2.5 V        ; 0 s                 ; 0 s                 ; 2.75 V                       ; 4.14e-06 V                   ; 2.91 V              ; -0.119 V            ; 0.326 V                              ; 0.298 V                              ; 2.74e-10 s                  ; 2.8e-10 s                   ; No                         ; No                         ; 2.75 V                      ; 4.14e-06 V                  ; 2.91 V             ; -0.119 V           ; 0.326 V                             ; 0.298 V                             ; 2.74e-10 s                 ; 2.8e-10 s                  ; No                        ; No                        ;
; HEX1[4] ; 2.5 V        ; 0 s                 ; 0 s                 ; 2.75 V                       ; 4.14e-06 V                   ; 2.91 V              ; -0.119 V            ; 0.326 V                              ; 0.298 V                              ; 2.74e-10 s                  ; 2.8e-10 s                   ; No                         ; No                         ; 2.75 V                      ; 4.14e-06 V                  ; 2.91 V             ; -0.119 V           ; 0.326 V                             ; 0.298 V                             ; 2.74e-10 s                 ; 2.8e-10 s                  ; No                        ; No                        ;
; HEX1[5] ; 2.5 V        ; 0 s                 ; 0 s                 ; 2.75 V                       ; 4.14e-06 V                   ; 2.91 V              ; -0.121 V            ; 0.326 V                              ; 0.297 V                              ; 2.74e-10 s                  ; 2.8e-10 s                   ; No                         ; No                         ; 2.75 V                      ; 4.14e-06 V                  ; 2.91 V             ; -0.121 V           ; 0.326 V                             ; 0.297 V                             ; 2.74e-10 s                 ; 2.8e-10 s                  ; No                        ; No                        ;
; HEX1[6] ; 2.5 V        ; 0 s                 ; 0 s                 ; 2.75 V                       ; 4.14e-06 V                   ; 2.91 V              ; -0.121 V            ; 0.326 V                              ; 0.297 V                              ; 2.74e-10 s                  ; 2.8e-10 s                   ; No                         ; No                         ; 2.75 V                      ; 4.14e-06 V                  ; 2.91 V             ; -0.121 V           ; 0.326 V                             ; 0.297 V                             ; 2.74e-10 s                 ; 2.8e-10 s                  ; No                        ; No                        ;
; HEX2[0] ; 2.5 V        ; 0 s                 ; 0 s                 ; 2.75 V                       ; 4.25e-06 V                   ; 2.9 V               ; -0.107 V            ; 0.378 V                              ; 0.16 V                               ; 2.87e-10 s                  ; 4.28e-10 s                  ; No                         ; No                         ; 2.75 V                      ; 4.25e-06 V                  ; 2.9 V              ; -0.107 V           ; 0.378 V                             ; 0.16 V                              ; 2.87e-10 s                 ; 4.28e-10 s                 ; No                        ; No                        ;
; HEX2[1] ; 2.5 V        ; 0 s                 ; 0 s                 ; 2.75 V                       ; 4.14e-06 V                   ; 2.91 V              ; -0.121 V            ; 0.326 V                              ; 0.297 V                              ; 2.74e-10 s                  ; 2.8e-10 s                   ; No                         ; No                         ; 2.75 V                      ; 4.14e-06 V                  ; 2.91 V             ; -0.121 V           ; 0.326 V                             ; 0.297 V                             ; 2.74e-10 s                 ; 2.8e-10 s                  ; No                        ; No                        ;
; HEX2[2] ; 2.5 V        ; 0 s                 ; 0 s                 ; 2.75 V                       ; 4.14e-06 V                   ; 2.91 V              ; -0.121 V            ; 0.326 V                              ; 0.297 V                              ; 2.74e-10 s                  ; 2.8e-10 s                   ; No                         ; No                         ; 2.75 V                      ; 4.14e-06 V                  ; 2.91 V             ; -0.121 V           ; 0.326 V                             ; 0.297 V                             ; 2.74e-10 s                 ; 2.8e-10 s                  ; No                        ; No                        ;
; HEX2[3] ; 2.5 V        ; 0 s                 ; 0 s                 ; 2.75 V                       ; 3.54e-06 V                   ; 2.81 V              ; -0.0578 V           ; 0.303 V                              ; 0.28 V                               ; 2.93e-10 s                  ; 3.01e-10 s                  ; No                         ; No                         ; 2.75 V                      ; 3.54e-06 V                  ; 2.81 V             ; -0.0578 V          ; 0.303 V                             ; 0.28 V                              ; 2.93e-10 s                 ; 3.01e-10 s                 ; No                        ; No                        ;
; HEX2[4] ; 2.5 V        ; 0 s                 ; 0 s                 ; 2.75 V                       ; 3.54e-06 V                   ; 2.81 V              ; -0.0578 V           ; 0.303 V                              ; 0.28 V                               ; 2.93e-10 s                  ; 3.01e-10 s                  ; No                         ; No                         ; 2.75 V                      ; 3.54e-06 V                  ; 2.81 V             ; -0.0578 V          ; 0.303 V                             ; 0.28 V                              ; 2.93e-10 s                 ; 3.01e-10 s                 ; No                        ; No                        ;
; HEX2[5] ; 2.5 V        ; 0 s                 ; 0 s                 ; 2.75 V                       ; 4.14e-06 V                   ; 2.91 V              ; -0.121 V            ; 0.326 V                              ; 0.297 V                              ; 2.74e-10 s                  ; 2.8e-10 s                   ; No                         ; No                         ; 2.75 V                      ; 4.14e-06 V                  ; 2.91 V             ; -0.121 V           ; 0.326 V                             ; 0.297 V                             ; 2.74e-10 s                 ; 2.8e-10 s                  ; No                        ; No                        ;
; HEX2[6] ; 2.5 V        ; 0 s                 ; 0 s                 ; 2.75 V                       ; 4.14e-06 V                   ; 2.91 V              ; -0.119 V            ; 0.326 V                              ; 0.298 V                              ; 2.74e-10 s                  ; 2.8e-10 s                   ; No                         ; No                         ; 2.75 V                      ; 4.14e-06 V                  ; 2.91 V             ; -0.119 V           ; 0.326 V                             ; 0.298 V                             ; 2.74e-10 s                 ; 2.8e-10 s                  ; No                        ; No                        ;
; HEX3[0] ; 2.5 V        ; 0 s                 ; 0 s                 ; 2.75 V                       ; 3.54e-06 V                   ; 2.81 V              ; -0.0578 V           ; 0.303 V                              ; 0.28 V                               ; 2.93e-10 s                  ; 3.01e-10 s                  ; No                         ; No                         ; 2.75 V                      ; 3.54e-06 V                  ; 2.81 V             ; -0.0578 V          ; 0.303 V                             ; 0.28 V                              ; 2.93e-10 s                 ; 3.01e-10 s                 ; No                        ; No                        ;
; HEX3[1] ; 2.5 V        ; 0 s                 ; 0 s                 ; 2.75 V                       ; 4.25e-06 V                   ; 2.9 V               ; -0.107 V            ; 0.378 V                              ; 0.16 V                               ; 2.87e-10 s                  ; 4.28e-10 s                  ; No                         ; No                         ; 2.75 V                      ; 4.25e-06 V                  ; 2.9 V              ; -0.107 V           ; 0.378 V                             ; 0.16 V                              ; 2.87e-10 s                 ; 4.28e-10 s                 ; No                        ; No                        ;
; HEX3[2] ; 2.5 V        ; 0 s                 ; 0 s                 ; 2.75 V                       ; 4.25e-06 V                   ; 2.9 V               ; -0.107 V            ; 0.378 V                              ; 0.16 V                               ; 2.87e-10 s                  ; 4.28e-10 s                  ; No                         ; No                         ; 2.75 V                      ; 4.25e-06 V                  ; 2.9 V              ; -0.107 V           ; 0.378 V                             ; 0.16 V                              ; 2.87e-10 s                 ; 4.28e-10 s                 ; No                        ; No                        ;
; HEX3[3] ; 2.5 V        ; 0 s                 ; 0 s                 ; 2.75 V                       ; 3.54e-06 V                   ; 2.81 V              ; -0.0578 V           ; 0.303 V                              ; 0.28 V                               ; 2.93e-10 s                  ; 3.01e-10 s                  ; No                         ; No                         ; 2.75 V                      ; 3.54e-06 V                  ; 2.81 V             ; -0.0578 V          ; 0.303 V                             ; 0.28 V                              ; 2.93e-10 s                 ; 3.01e-10 s                 ; No                        ; No                        ;
; HEX3[4] ; 2.5 V        ; 0 s                 ; 0 s                 ; 2.75 V                       ; 4.25e-06 V                   ; 2.9 V               ; -0.107 V            ; 0.378 V                              ; 0.16 V                               ; 2.87e-10 s                  ; 4.28e-10 s                  ; No                         ; No                         ; 2.75 V                      ; 4.25e-06 V                  ; 2.9 V              ; -0.107 V           ; 0.378 V                             ; 0.16 V                              ; 2.87e-10 s                 ; 4.28e-10 s                 ; No                        ; No                        ;
; HEX3[5] ; 2.5 V        ; 0 s                 ; 0 s                 ; 2.75 V                       ; 4.25e-06 V                   ; 2.9 V               ; -0.107 V            ; 0.378 V                              ; 0.16 V                               ; 2.87e-10 s                  ; 4.28e-10 s                  ; No                         ; No                         ; 2.75 V                      ; 4.25e-06 V                  ; 2.9 V              ; -0.107 V           ; 0.378 V                             ; 0.16 V                              ; 2.87e-10 s                 ; 4.28e-10 s                 ; No                        ; No                        ;
; HEX3[6] ; 2.5 V        ; 0 s                 ; 0 s                 ; 2.75 V                       ; 3.54e-06 V                   ; 2.81 V              ; -0.0578 V           ; 0.303 V                              ; 0.28 V                               ; 2.93e-10 s                  ; 3.01e-10 s                  ; No                         ; No                         ; 2.75 V                      ; 3.54e-06 V                  ; 2.81 V             ; -0.0578 V          ; 0.303 V                             ; 0.28 V                              ; 2.93e-10 s                 ; 3.01e-10 s                 ; No                        ; No                        ;
; HEX4[0] ; 2.5 V        ; 0 s                 ; 0 s                 ; 2.75 V                       ; 4.14e-06 V                   ; 2.91 V              ; -0.119 V            ; 0.326 V                              ; 0.298 V                              ; 2.74e-10 s                  ; 2.8e-10 s                   ; No                         ; No                         ; 2.75 V                      ; 4.14e-06 V                  ; 2.91 V             ; -0.119 V           ; 0.326 V                             ; 0.298 V                             ; 2.74e-10 s                 ; 2.8e-10 s                  ; No                        ; No                        ;
; HEX4[1] ; 2.5 V        ; 0 s                 ; 0 s                 ; 2.75 V                       ; 3.54e-06 V                   ; 2.81 V              ; -0.0578 V           ; 0.303 V                              ; 0.28 V                               ; 2.93e-10 s                  ; 3.01e-10 s                  ; No                         ; No                         ; 2.75 V                      ; 3.54e-06 V                  ; 2.81 V             ; -0.0578 V          ; 0.303 V                             ; 0.28 V                              ; 2.93e-10 s                 ; 3.01e-10 s                 ; No                        ; No                        ;
; HEX4[2] ; 2.5 V        ; 0 s                 ; 0 s                 ; 2.75 V                       ; 3.54e-06 V                   ; 2.81 V              ; -0.0578 V           ; 0.303 V                              ; 0.28 V                               ; 2.93e-10 s                  ; 3.01e-10 s                  ; No                         ; No                         ; 2.75 V                      ; 3.54e-06 V                  ; 2.81 V             ; -0.0578 V          ; 0.303 V                             ; 0.28 V                              ; 2.93e-10 s                 ; 3.01e-10 s                 ; No                        ; No                        ;
; HEX4[3] ; 2.5 V        ; 0 s                 ; 0 s                 ; 2.75 V                       ; 3.54e-06 V                   ; 2.81 V              ; -0.0578 V           ; 0.303 V                              ; 0.28 V                               ; 2.93e-10 s                  ; 3.01e-10 s                  ; No                         ; No                         ; 2.75 V                      ; 3.54e-06 V                  ; 2.81 V             ; -0.0578 V          ; 0.303 V                             ; 0.28 V                              ; 2.93e-10 s                 ; 3.01e-10 s                 ; No                        ; No                        ;
; HEX4[4] ; 2.5 V        ; 0 s                 ; 0 s                 ; 2.75 V                       ; 4.25e-06 V                   ; 2.9 V               ; -0.107 V            ; 0.378 V                              ; 0.16 V                               ; 2.87e-10 s                  ; 4.28e-10 s                  ; No                         ; No                         ; 2.75 V                      ; 4.25e-06 V                  ; 2.9 V              ; -0.107 V           ; 0.378 V                             ; 0.16 V                              ; 2.87e-10 s                 ; 4.28e-10 s                 ; No                        ; No                        ;
; HEX4[5] ; 2.5 V        ; 0 s                 ; 0 s                 ; 2.75 V                       ; 4.25e-06 V                   ; 2.9 V               ; -0.107 V            ; 0.378 V                              ; 0.16 V                               ; 2.87e-10 s                  ; 4.28e-10 s                  ; No                         ; No                         ; 2.75 V                      ; 4.25e-06 V                  ; 2.9 V              ; -0.107 V           ; 0.378 V                             ; 0.16 V                              ; 2.87e-10 s                 ; 4.28e-10 s                 ; No                        ; No                        ;
; HEX4[6] ; 2.5 V        ; 0 s                 ; 0 s                 ; 2.75 V                       ; 3.54e-06 V                   ; 2.81 V              ; -0.0578 V           ; 0.303 V                              ; 0.28 V                               ; 2.93e-10 s                  ; 3.01e-10 s                  ; No                         ; No                         ; 2.75 V                      ; 3.54e-06 V                  ; 2.81 V             ; -0.0578 V          ; 0.303 V                             ; 0.28 V                              ; 2.93e-10 s                 ; 3.01e-10 s                 ; No                        ; No                        ;
; HEX5[0] ; 2.5 V        ; 0 s                 ; 0 s                 ; 2.75 V                       ; 4.25e-06 V                   ; 2.9 V               ; -0.107 V            ; 0.378 V                              ; 0.16 V                               ; 2.87e-10 s                  ; 4.28e-10 s                  ; No                         ; No                         ; 2.75 V                      ; 4.25e-06 V                  ; 2.9 V              ; -0.107 V           ; 0.378 V                             ; 0.16 V                              ; 2.87e-10 s                 ; 4.28e-10 s                 ; No                        ; No                        ;
; HEX5[1] ; 2.5 V        ; 0 s                 ; 0 s                 ; 2.75 V                       ; 3.54e-06 V                   ; 2.81 V              ; -0.0578 V           ; 0.303 V                              ; 0.28 V                               ; 2.93e-10 s                  ; 3.01e-10 s                  ; No                         ; No                         ; 2.75 V                      ; 3.54e-06 V                  ; 2.81 V             ; -0.0578 V          ; 0.303 V                             ; 0.28 V                              ; 2.93e-10 s                 ; 3.01e-10 s                 ; No                        ; No                        ;
; HEX5[2] ; 2.5 V        ; 0 s                 ; 0 s                 ; 2.75 V                       ; 3.54e-06 V                   ; 2.81 V              ; -0.0578 V           ; 0.303 V                              ; 0.28 V                               ; 2.93e-10 s                  ; 3.01e-10 s                  ; No                         ; No                         ; 2.75 V                      ; 3.54e-06 V                  ; 2.81 V             ; -0.0578 V          ; 0.303 V                             ; 0.28 V                              ; 2.93e-10 s                 ; 3.01e-10 s                 ; No                        ; No                        ;
; HEX5[3] ; 2.5 V        ; 0 s                 ; 0 s                 ; 2.75 V                       ; 3.54e-06 V                   ; 2.81 V              ; -0.0578 V           ; 0.303 V                              ; 0.28 V                               ; 2.93e-10 s                  ; 3.01e-10 s                  ; No                         ; No                         ; 2.75 V                      ; 3.54e-06 V                  ; 2.81 V             ; -0.0578 V          ; 0.303 V                             ; 0.28 V                              ; 2.93e-10 s                 ; 3.01e-10 s                 ; No                        ; No                        ;
; HEX5[4] ; 2.5 V        ; 0 s                 ; 0 s                 ; 2.75 V                       ; 4.14e-06 V                   ; 2.91 V              ; -0.121 V            ; 0.326 V                              ; 0.297 V                              ; 2.74e-10 s                  ; 2.8e-10 s                   ; No                         ; No                         ; 2.75 V                      ; 4.14e-06 V                  ; 2.91 V             ; -0.121 V           ; 0.326 V                             ; 0.297 V                             ; 2.74e-10 s                 ; 2.8e-10 s                  ; No                        ; No                        ;
; HEX5[5] ; 2.5 V        ; 0 s                 ; 0 s                 ; 2.75 V                       ; 4.14e-06 V                   ; 2.91 V              ; -0.119 V            ; 0.326 V                              ; 0.298 V                              ; 2.74e-10 s                  ; 2.8e-10 s                   ; No                         ; No                         ; 2.75 V                      ; 4.14e-06 V                  ; 2.91 V             ; -0.119 V           ; 0.326 V                             ; 0.298 V                             ; 2.74e-10 s                 ; 2.8e-10 s                  ; No                        ; No                        ;
; HEX5[6] ; 2.5 V        ; 0 s                 ; 0 s                 ; 2.75 V                       ; 4.25e-06 V                   ; 2.9 V               ; -0.107 V            ; 0.378 V                              ; 0.16 V                               ; 2.87e-10 s                  ; 4.28e-10 s                  ; No                         ; No                         ; 2.75 V                      ; 4.25e-06 V                  ; 2.9 V              ; -0.107 V           ; 0.378 V                             ; 0.16 V                              ; 2.87e-10 s                 ; 4.28e-10 s                 ; No                        ; No                        ;
+---------+--------------+---------------------+---------------------+------------------------------+------------------------------+---------------------+---------------------+--------------------------------------+--------------------------------------+-----------------------------+-----------------------------+----------------------------+----------------------------+-----------------------------+-----------------------------+--------------------+--------------------+-------------------------------------+-------------------------------------+----------------------------+----------------------------+---------------------------+---------------------------+


+--------------------------------------------------------------------------------------------------------------------------------------------------------------------------------------------------------------------------------------------------------------------------------------------------------------------------------------------------------------------------------------------------------------------------------------------------------------------------------------------------------------------------------------------------------------------------------------------------------------------------------------------------------------------------------------+
; Signal Integrity Metrics (Fast 1100mv 85c Model)                                                                                                                                                                                                                                                                                                                                                                                                                                                                                                                                                                                                                                     ;
+---------+--------------+---------------------+---------------------+------------------------------+------------------------------+---------------------+---------------------+--------------------------------------+--------------------------------------+-----------------------------+-----------------------------+----------------------------+----------------------------+-----------------------------+-----------------------------+--------------------+--------------------+-------------------------------------+-------------------------------------+----------------------------+----------------------------+---------------------------+---------------------------+
; Pin     ; I/O Standard ; Board Delay on Rise ; Board Delay on Fall ; Steady State Voh at FPGA Pin ; Steady State Vol at FPGA Pin ; Voh Max at FPGA Pin ; Vol Min at FPGA Pin ; Ringback Voltage on Rise at FPGA Pin ; Ringback Voltage on Fall at FPGA Pin ; 10-90 Rise Time at FPGA Pin ; 90-10 Fall Time at FPGA Pin ; Monotonic Rise at FPGA Pin ; Monotonic Fall at FPGA Pin ; Steady State Voh at Far-end ; Steady State Vol at Far-end ; Voh Max at Far-end ; Vol Min at Far-end ; Ringback Voltage on Rise at Far-end ; Ringback Voltage on Fall at Far-end ; 10-90 Rise Time at Far-end ; 90-10 Fall Time at Far-end ; Monotonic Rise at Far-end ; Monotonic Fall at Far-end ;
+---------+--------------+---------------------+---------------------+------------------------------+------------------------------+---------------------+---------------------+--------------------------------------+--------------------------------------+-----------------------------+-----------------------------+----------------------------+----------------------------+-----------------------------+-----------------------------+--------------------+--------------------+-------------------------------------+-------------------------------------+----------------------------+----------------------------+---------------------------+---------------------------+
; HEX0[0] ; 2.5 V        ; 0 s                 ; 0 s                 ; 2.75 V                       ; 0.000242 V                   ; 2.86 V              ; -0.0814 V           ; 0.36 V                               ; 0.156 V                              ; 3e-10 s                     ; 4.34e-10 s                  ; No                         ; No                         ; 2.75 V                      ; 0.000242 V                  ; 2.86 V             ; -0.0814 V          ; 0.36 V                              ; 0.156 V                             ; 3e-10 s                    ; 4.34e-10 s                 ; No                        ; No                        ;
; HEX0[1] ; 2.5 V        ; 0 s                 ; 0 s                 ; 2.75 V                       ; 0.000242 V                   ; 2.86 V              ; -0.0805 V           ; 0.358 V                              ; 0.156 V                              ; 3.01e-10 s                  ; 4.34e-10 s                  ; No                         ; No                         ; 2.75 V                      ; 0.000242 V                  ; 2.86 V             ; -0.0805 V          ; 0.358 V                             ; 0.156 V                             ; 3.01e-10 s                 ; 4.34e-10 s                 ; No                        ; No                        ;
; HEX0[2] ; 2.5 V        ; 0 s                 ; 0 s                 ; 2.75 V                       ; 0.000242 V                   ; 2.86 V              ; -0.0805 V           ; 0.358 V                              ; 0.156 V                              ; 3.01e-10 s                  ; 4.34e-10 s                  ; No                         ; No                         ; 2.75 V                      ; 0.000242 V                  ; 2.86 V             ; -0.0805 V          ; 0.358 V                             ; 0.156 V                             ; 3.01e-10 s                 ; 4.34e-10 s                 ; No                        ; No                        ;
; HEX0[3] ; 2.5 V        ; 0 s                 ; 0 s                 ; 2.75 V                       ; 0.000242 V                   ; 2.86 V              ; -0.0805 V           ; 0.358 V                              ; 0.156 V                              ; 3.01e-10 s                  ; 4.34e-10 s                  ; No                         ; No                         ; 2.75 V                      ; 0.000242 V                  ; 2.86 V             ; -0.0805 V          ; 0.358 V                             ; 0.156 V                             ; 3.01e-10 s                 ; 4.34e-10 s                 ; No                        ; No                        ;
; HEX0[4] ; 2.5 V        ; 0 s                 ; 0 s                 ; 2.75 V                       ; 0.000242 V                   ; 2.86 V              ; -0.0814 V           ; 0.36 V                               ; 0.156 V                              ; 3e-10 s                     ; 4.34e-10 s                  ; No                         ; No                         ; 2.75 V                      ; 0.000242 V                  ; 2.86 V             ; -0.0814 V          ; 0.36 V                              ; 0.156 V                             ; 3e-10 s                    ; 4.34e-10 s                 ; No                        ; No                        ;
; HEX0[5] ; 2.5 V        ; 0 s                 ; 0 s                 ; 2.75 V                       ; 0.000242 V                   ; 2.86 V              ; -0.0814 V           ; 0.36 V                               ; 0.156 V                              ; 3e-10 s                     ; 4.34e-10 s                  ; No                         ; No                         ; 2.75 V                      ; 0.000242 V                  ; 2.86 V             ; -0.0814 V          ; 0.36 V                              ; 0.156 V                             ; 3e-10 s                    ; 4.34e-10 s                 ; No                        ; No                        ;
; HEX0[6] ; 2.5 V        ; 0 s                 ; 0 s                 ; 2.75 V                       ; 0.000242 V                   ; 2.86 V              ; -0.0805 V           ; 0.358 V                              ; 0.156 V                              ; 3.01e-10 s                  ; 4.34e-10 s                  ; No                         ; No                         ; 2.75 V                      ; 0.000242 V                  ; 2.86 V             ; -0.0805 V          ; 0.358 V                             ; 0.156 V                             ; 3.01e-10 s                 ; 4.34e-10 s                 ; No                        ; No                        ;
; HEX1[0] ; 2.5 V        ; 0 s                 ; 0 s                 ; 2.75 V                       ; 0.000242 V                   ; 2.86 V              ; -0.0805 V           ; 0.358 V                              ; 0.156 V                              ; 3.01e-10 s                  ; 4.34e-10 s                  ; No                         ; No                         ; 2.75 V                      ; 0.000242 V                  ; 2.86 V             ; -0.0805 V          ; 0.358 V                             ; 0.156 V                             ; 3.01e-10 s                 ; 4.34e-10 s                 ; No                        ; No                        ;
; HEX1[1] ; 2.5 V        ; 0 s                 ; 0 s                 ; 2.75 V                       ; 0.000242 V                   ; 2.86 V              ; -0.0814 V           ; 0.36 V                               ; 0.156 V                              ; 3e-10 s                     ; 4.34e-10 s                  ; No                         ; No                         ; 2.75 V                      ; 0.000242 V                  ; 2.86 V             ; -0.0814 V          ; 0.36 V                              ; 0.156 V                             ; 3e-10 s                    ; 4.34e-10 s                 ; No                        ; No                        ;
; HEX1[2] ; 2.5 V        ; 0 s                 ; 0 s                 ; 2.75 V                       ; 0.000242 V                   ; 2.86 V              ; -0.0814 V           ; 0.36 V                               ; 0.156 V                              ; 3e-10 s                     ; 4.34e-10 s                  ; No                         ; No                         ; 2.75 V                      ; 0.000242 V                  ; 2.86 V             ; -0.0814 V          ; 0.36 V                              ; 0.156 V                             ; 3e-10 s                    ; 4.34e-10 s                 ; No                        ; No                        ;
; HEX1[3] ; 2.5 V        ; 0 s                 ; 0 s                 ; 2.75 V                       ; 0.000242 V                   ; 2.86 V              ; -0.0805 V           ; 0.358 V                              ; 0.156 V                              ; 3.01e-10 s                  ; 4.34e-10 s                  ; No                         ; No                         ; 2.75 V                      ; 0.000242 V                  ; 2.86 V             ; -0.0805 V          ; 0.358 V                             ; 0.156 V                             ; 3.01e-10 s                 ; 4.34e-10 s                 ; No                        ; No                        ;
; HEX1[4] ; 2.5 V        ; 0 s                 ; 0 s                 ; 2.75 V                       ; 0.000242 V                   ; 2.86 V              ; -0.0805 V           ; 0.358 V                              ; 0.156 V                              ; 3.01e-10 s                  ; 4.34e-10 s                  ; No                         ; No                         ; 2.75 V                      ; 0.000242 V                  ; 2.86 V             ; -0.0805 V          ; 0.358 V                             ; 0.156 V                             ; 3.01e-10 s                 ; 4.34e-10 s                 ; No                        ; No                        ;
; HEX1[5] ; 2.5 V        ; 0 s                 ; 0 s                 ; 2.75 V                       ; 0.000242 V                   ; 2.86 V              ; -0.0814 V           ; 0.36 V                               ; 0.156 V                              ; 3e-10 s                     ; 4.34e-10 s                  ; No                         ; No                         ; 2.75 V                      ; 0.000242 V                  ; 2.86 V             ; -0.0814 V          ; 0.36 V                              ; 0.156 V                             ; 3e-10 s                    ; 4.34e-10 s                 ; No                        ; No                        ;
; HEX1[6] ; 2.5 V        ; 0 s                 ; 0 s                 ; 2.75 V                       ; 0.000242 V                   ; 2.86 V              ; -0.0814 V           ; 0.36 V                               ; 0.156 V                              ; 3e-10 s                     ; 4.34e-10 s                  ; No                         ; No                         ; 2.75 V                      ; 0.000242 V                  ; 2.86 V             ; -0.0814 V          ; 0.36 V                              ; 0.156 V                             ; 3e-10 s                    ; 4.34e-10 s                 ; No                        ; No                        ;
; HEX2[0] ; 2.5 V        ; 0 s                 ; 0 s                 ; 2.75 V                       ; 0.000247 V                   ; 2.85 V              ; -0.0711 V           ; 0.204 V                              ; 0.181 V                              ; 4.55e-10 s                  ; 4.49e-10 s                  ; No                         ; No                         ; 2.75 V                      ; 0.000247 V                  ; 2.85 V             ; -0.0711 V          ; 0.204 V                             ; 0.181 V                             ; 4.55e-10 s                 ; 4.49e-10 s                 ; No                        ; No                        ;
; HEX2[1] ; 2.5 V        ; 0 s                 ; 0 s                 ; 2.75 V                       ; 0.000242 V                   ; 2.86 V              ; -0.0814 V           ; 0.36 V                               ; 0.156 V                              ; 3e-10 s                     ; 4.34e-10 s                  ; No                         ; No                         ; 2.75 V                      ; 0.000242 V                  ; 2.86 V             ; -0.0814 V          ; 0.36 V                              ; 0.156 V                             ; 3e-10 s                    ; 4.34e-10 s                 ; No                        ; No                        ;
; HEX2[2] ; 2.5 V        ; 0 s                 ; 0 s                 ; 2.75 V                       ; 0.000242 V                   ; 2.86 V              ; -0.0814 V           ; 0.36 V                               ; 0.156 V                              ; 3e-10 s                     ; 4.34e-10 s                  ; No                         ; No                         ; 2.75 V                      ; 0.000242 V                  ; 2.86 V             ; -0.0814 V          ; 0.36 V                              ; 0.156 V                             ; 3e-10 s                    ; 4.34e-10 s                 ; No                        ; No                        ;
; HEX2[3] ; 2.5 V        ; 0 s                 ; 0 s                 ; 2.75 V                       ; 0.000213 V                   ; 2.79 V              ; -0.0324 V           ; 0.139 V                              ; 0.119 V                              ; 4.42e-10 s                  ; 4.33e-10 s                  ; No                         ; Yes                        ; 2.75 V                      ; 0.000213 V                  ; 2.79 V             ; -0.0324 V          ; 0.139 V                             ; 0.119 V                             ; 4.42e-10 s                 ; 4.33e-10 s                 ; No                        ; Yes                       ;
; HEX2[4] ; 2.5 V        ; 0 s                 ; 0 s                 ; 2.75 V                       ; 0.000213 V                   ; 2.79 V              ; -0.0324 V           ; 0.139 V                              ; 0.119 V                              ; 4.42e-10 s                  ; 4.33e-10 s                  ; No                         ; Yes                        ; 2.75 V                      ; 0.000213 V                  ; 2.79 V             ; -0.0324 V          ; 0.139 V                             ; 0.119 V                             ; 4.42e-10 s                 ; 4.33e-10 s                 ; No                        ; Yes                       ;
; HEX2[5] ; 2.5 V        ; 0 s                 ; 0 s                 ; 2.75 V                       ; 0.000242 V                   ; 2.86 V              ; -0.0814 V           ; 0.36 V                               ; 0.156 V                              ; 3e-10 s                     ; 4.34e-10 s                  ; No                         ; No                         ; 2.75 V                      ; 0.000242 V                  ; 2.86 V             ; -0.0814 V          ; 0.36 V                              ; 0.156 V                             ; 3e-10 s                    ; 4.34e-10 s                 ; No                        ; No                        ;
; HEX2[6] ; 2.5 V        ; 0 s                 ; 0 s                 ; 2.75 V                       ; 0.000242 V                   ; 2.86 V              ; -0.0805 V           ; 0.358 V                              ; 0.156 V                              ; 3.01e-10 s                  ; 4.34e-10 s                  ; No                         ; No                         ; 2.75 V                      ; 0.000242 V                  ; 2.86 V             ; -0.0805 V          ; 0.358 V                             ; 0.156 V                             ; 3.01e-10 s                 ; 4.34e-10 s                 ; No                        ; No                        ;
; HEX3[0] ; 2.5 V        ; 0 s                 ; 0 s                 ; 2.75 V                       ; 0.000213 V                   ; 2.79 V              ; -0.0324 V           ; 0.139 V                              ; 0.119 V                              ; 4.42e-10 s                  ; 4.33e-10 s                  ; No                         ; Yes                        ; 2.75 V                      ; 0.000213 V                  ; 2.79 V             ; -0.0324 V          ; 0.139 V                             ; 0.119 V                             ; 4.42e-10 s                 ; 4.33e-10 s                 ; No                        ; Yes                       ;
; HEX3[1] ; 2.5 V        ; 0 s                 ; 0 s                 ; 2.75 V                       ; 0.000247 V                   ; 2.85 V              ; -0.0711 V           ; 0.204 V                              ; 0.181 V                              ; 4.55e-10 s                  ; 4.49e-10 s                  ; No                         ; No                         ; 2.75 V                      ; 0.000247 V                  ; 2.85 V             ; -0.0711 V          ; 0.204 V                             ; 0.181 V                             ; 4.55e-10 s                 ; 4.49e-10 s                 ; No                        ; No                        ;
; HEX3[2] ; 2.5 V        ; 0 s                 ; 0 s                 ; 2.75 V                       ; 0.000247 V                   ; 2.85 V              ; -0.0711 V           ; 0.204 V                              ; 0.181 V                              ; 4.55e-10 s                  ; 4.49e-10 s                  ; No                         ; No                         ; 2.75 V                      ; 0.000247 V                  ; 2.85 V             ; -0.0711 V          ; 0.204 V                             ; 0.181 V                             ; 4.55e-10 s                 ; 4.49e-10 s                 ; No                        ; No                        ;
; HEX3[3] ; 2.5 V        ; 0 s                 ; 0 s                 ; 2.75 V                       ; 0.000213 V                   ; 2.79 V              ; -0.0324 V           ; 0.139 V                              ; 0.119 V                              ; 4.42e-10 s                  ; 4.33e-10 s                  ; No                         ; Yes                        ; 2.75 V                      ; 0.000213 V                  ; 2.79 V             ; -0.0324 V          ; 0.139 V                             ; 0.119 V                             ; 4.42e-10 s                 ; 4.33e-10 s                 ; No                        ; Yes                       ;
; HEX3[4] ; 2.5 V        ; 0 s                 ; 0 s                 ; 2.75 V                       ; 0.000247 V                   ; 2.85 V              ; -0.0711 V           ; 0.204 V                              ; 0.181 V                              ; 4.55e-10 s                  ; 4.49e-10 s                  ; No                         ; No                         ; 2.75 V                      ; 0.000247 V                  ; 2.85 V             ; -0.0711 V          ; 0.204 V                             ; 0.181 V                             ; 4.55e-10 s                 ; 4.49e-10 s                 ; No                        ; No                        ;
; HEX3[5] ; 2.5 V        ; 0 s                 ; 0 s                 ; 2.75 V                       ; 0.000247 V                   ; 2.85 V              ; -0.0711 V           ; 0.204 V                              ; 0.181 V                              ; 4.55e-10 s                  ; 4.49e-10 s                  ; No                         ; No                         ; 2.75 V                      ; 0.000247 V                  ; 2.85 V             ; -0.0711 V          ; 0.204 V                             ; 0.181 V                             ; 4.55e-10 s                 ; 4.49e-10 s                 ; No                        ; No                        ;
; HEX3[6] ; 2.5 V        ; 0 s                 ; 0 s                 ; 2.75 V                       ; 0.000213 V                   ; 2.79 V              ; -0.0324 V           ; 0.139 V                              ; 0.119 V                              ; 4.42e-10 s                  ; 4.33e-10 s                  ; No                         ; Yes                        ; 2.75 V                      ; 0.000213 V                  ; 2.79 V             ; -0.0324 V          ; 0.139 V                             ; 0.119 V                             ; 4.42e-10 s                 ; 4.33e-10 s                 ; No                        ; Yes                       ;
; HEX4[0] ; 2.5 V        ; 0 s                 ; 0 s                 ; 2.75 V                       ; 0.000242 V                   ; 2.86 V              ; -0.0805 V           ; 0.358 V                              ; 0.156 V                              ; 3.01e-10 s                  ; 4.34e-10 s                  ; No                         ; No                         ; 2.75 V                      ; 0.000242 V                  ; 2.86 V             ; -0.0805 V          ; 0.358 V                             ; 0.156 V                             ; 3.01e-10 s                 ; 4.34e-10 s                 ; No                        ; No                        ;
; HEX4[1] ; 2.5 V        ; 0 s                 ; 0 s                 ; 2.75 V                       ; 0.000213 V                   ; 2.79 V              ; -0.0324 V           ; 0.139 V                              ; 0.119 V                              ; 4.42e-10 s                  ; 4.33e-10 s                  ; No                         ; Yes                        ; 2.75 V                      ; 0.000213 V                  ; 2.79 V             ; -0.0324 V          ; 0.139 V                             ; 0.119 V                             ; 4.42e-10 s                 ; 4.33e-10 s                 ; No                        ; Yes                       ;
; HEX4[2] ; 2.5 V        ; 0 s                 ; 0 s                 ; 2.75 V                       ; 0.000213 V                   ; 2.79 V              ; -0.0324 V           ; 0.139 V                              ; 0.119 V                              ; 4.42e-10 s                  ; 4.33e-10 s                  ; No                         ; Yes                        ; 2.75 V                      ; 0.000213 V                  ; 2.79 V             ; -0.0324 V          ; 0.139 V                             ; 0.119 V                             ; 4.42e-10 s                 ; 4.33e-10 s                 ; No                        ; Yes                       ;
; HEX4[3] ; 2.5 V        ; 0 s                 ; 0 s                 ; 2.75 V                       ; 0.000213 V                   ; 2.79 V              ; -0.0324 V           ; 0.139 V                              ; 0.119 V                              ; 4.42e-10 s                  ; 4.33e-10 s                  ; No                         ; Yes                        ; 2.75 V                      ; 0.000213 V                  ; 2.79 V             ; -0.0324 V          ; 0.139 V                             ; 0.119 V                             ; 4.42e-10 s                 ; 4.33e-10 s                 ; No                        ; Yes                       ;
; HEX4[4] ; 2.5 V        ; 0 s                 ; 0 s                 ; 2.75 V                       ; 0.000247 V                   ; 2.85 V              ; -0.0711 V           ; 0.204 V                              ; 0.181 V                              ; 4.55e-10 s                  ; 4.49e-10 s                  ; No                         ; No                         ; 2.75 V                      ; 0.000247 V                  ; 2.85 V             ; -0.0711 V          ; 0.204 V                             ; 0.181 V                             ; 4.55e-10 s                 ; 4.49e-10 s                 ; No                        ; No                        ;
; HEX4[5] ; 2.5 V        ; 0 s                 ; 0 s                 ; 2.75 V                       ; 0.000247 V                   ; 2.85 V              ; -0.0711 V           ; 0.204 V                              ; 0.181 V                              ; 4.55e-10 s                  ; 4.49e-10 s                  ; No                         ; No                         ; 2.75 V                      ; 0.000247 V                  ; 2.85 V             ; -0.0711 V          ; 0.204 V                             ; 0.181 V                             ; 4.55e-10 s                 ; 4.49e-10 s                 ; No                        ; No                        ;
; HEX4[6] ; 2.5 V        ; 0 s                 ; 0 s                 ; 2.75 V                       ; 0.000213 V                   ; 2.79 V              ; -0.0324 V           ; 0.139 V                              ; 0.119 V                              ; 4.42e-10 s                  ; 4.33e-10 s                  ; No                         ; Yes                        ; 2.75 V                      ; 0.000213 V                  ; 2.79 V             ; -0.0324 V          ; 0.139 V                             ; 0.119 V                             ; 4.42e-10 s                 ; 4.33e-10 s                 ; No                        ; Yes                       ;
; HEX5[0] ; 2.5 V        ; 0 s                 ; 0 s                 ; 2.75 V                       ; 0.000247 V                   ; 2.85 V              ; -0.0711 V           ; 0.204 V                              ; 0.181 V                              ; 4.55e-10 s                  ; 4.49e-10 s                  ; No                         ; No                         ; 2.75 V                      ; 0.000247 V                  ; 2.85 V             ; -0.0711 V          ; 0.204 V                             ; 0.181 V                             ; 4.55e-10 s                 ; 4.49e-10 s                 ; No                        ; No                        ;
; HEX5[1] ; 2.5 V        ; 0 s                 ; 0 s                 ; 2.75 V                       ; 0.000213 V                   ; 2.79 V              ; -0.0324 V           ; 0.139 V                              ; 0.119 V                              ; 4.42e-10 s                  ; 4.33e-10 s                  ; No                         ; Yes                        ; 2.75 V                      ; 0.000213 V                  ; 2.79 V             ; -0.0324 V          ; 0.139 V                             ; 0.119 V                             ; 4.42e-10 s                 ; 4.33e-10 s                 ; No                        ; Yes                       ;
; HEX5[2] ; 2.5 V        ; 0 s                 ; 0 s                 ; 2.75 V                       ; 0.000213 V                   ; 2.79 V              ; -0.0324 V           ; 0.139 V                              ; 0.119 V                              ; 4.42e-10 s                  ; 4.33e-10 s                  ; No                         ; Yes                        ; 2.75 V                      ; 0.000213 V                  ; 2.79 V             ; -0.0324 V          ; 0.139 V                             ; 0.119 V                             ; 4.42e-10 s                 ; 4.33e-10 s                 ; No                        ; Yes                       ;
; HEX5[3] ; 2.5 V        ; 0 s                 ; 0 s                 ; 2.75 V                       ; 0.000213 V                   ; 2.79 V              ; -0.0324 V           ; 0.139 V                              ; 0.119 V                              ; 4.42e-10 s                  ; 4.33e-10 s                  ; No                         ; Yes                        ; 2.75 V                      ; 0.000213 V                  ; 2.79 V             ; -0.0324 V          ; 0.139 V                             ; 0.119 V                             ; 4.42e-10 s                 ; 4.33e-10 s                 ; No                        ; Yes                       ;
; HEX5[4] ; 2.5 V        ; 0 s                 ; 0 s                 ; 2.75 V                       ; 0.000242 V                   ; 2.86 V              ; -0.0814 V           ; 0.36 V                               ; 0.156 V                              ; 3e-10 s                     ; 4.34e-10 s                  ; No                         ; No                         ; 2.75 V                      ; 0.000242 V                  ; 2.86 V             ; -0.0814 V          ; 0.36 V                              ; 0.156 V                             ; 3e-10 s                    ; 4.34e-10 s                 ; No                        ; No                        ;
; HEX5[5] ; 2.5 V        ; 0 s                 ; 0 s                 ; 2.75 V                       ; 0.000242 V                   ; 2.86 V              ; -0.0805 V           ; 0.358 V                              ; 0.156 V                              ; 3.01e-10 s                  ; 4.34e-10 s                  ; No                         ; No                         ; 2.75 V                      ; 0.000242 V                  ; 2.86 V             ; -0.0805 V          ; 0.358 V                             ; 0.156 V                             ; 3.01e-10 s                 ; 4.34e-10 s                 ; No                        ; No                        ;
; HEX5[6] ; 2.5 V        ; 0 s                 ; 0 s                 ; 2.75 V                       ; 0.000247 V                   ; 2.85 V              ; -0.0711 V           ; 0.204 V                              ; 0.181 V                              ; 4.55e-10 s                  ; 4.49e-10 s                  ; No                         ; No                         ; 2.75 V                      ; 0.000247 V                  ; 2.85 V             ; -0.0711 V          ; 0.204 V                             ; 0.181 V                             ; 4.55e-10 s                 ; 4.49e-10 s                 ; No                        ; No                        ;
+---------+--------------+---------------------+---------------------+------------------------------+------------------------------+---------------------+---------------------+--------------------------------------+--------------------------------------+-----------------------------+-----------------------------+----------------------------+----------------------------+-----------------------------+-----------------------------+--------------------+--------------------+-------------------------------------+-------------------------------------+----------------------------+----------------------------+---------------------------+---------------------------+


+-------------------------------------------------------------------+
; Setup Transfers                                                   ;
+------------+----------+----------+----------+----------+----------+
; From Clock ; To Clock ; RR Paths ; FR Paths ; RF Paths ; FF Paths ;
+------------+----------+----------+----------+----------+----------+
; CLOCK_50   ; CLOCK_50 ; 1311     ; 0        ; 0        ; 0        ;
+------------+----------+----------+----------+----------+----------+
Entries labeled "false path" only account for clock-to-clock false paths and not path-based false paths. As a result, actual path counts may be lower than reported.


+-------------------------------------------------------------------+
; Hold Transfers                                                    ;
+------------+----------+----------+----------+----------+----------+
; From Clock ; To Clock ; RR Paths ; FR Paths ; RF Paths ; FF Paths ;
+------------+----------+----------+----------+----------+----------+
; CLOCK_50   ; CLOCK_50 ; 1311     ; 0        ; 0        ; 0        ;
+------------+----------+----------+----------+----------+----------+
Entries labeled "false path" only account for clock-to-clock false paths and not path-based false paths. As a result, actual path counts may be lower than reported.


---------------
; Report TCCS ;
---------------
No dedicated SERDES Transmitter circuitry present in device or used in design


---------------
; Report RSKM ;
---------------
No non-DPA dedicated SERDES Receiver circuitry present in device or used in design


+------------------------------------------------+
; Unconstrained Paths                            ;
+---------------------------------+-------+------+
; Property                        ; Setup ; Hold ;
+---------------------------------+-------+------+
; Illegal Clocks                  ; 0     ; 0    ;
; Unconstrained Clocks            ; 0     ; 0    ;
; Unconstrained Input Ports       ; 2     ; 2    ;
; Unconstrained Input Port Paths  ; 2     ; 2    ;
; Unconstrained Output Ports      ; 42    ; 42   ;
; Unconstrained Output Port Paths ; 231   ; 231  ;
+---------------------------------+-------+------+


+------------------------------------+
; TimeQuest Timing Analyzer Messages ;
+------------------------------------+
Info: *******************************************************************
Info: Running Quartus II 64-Bit TimeQuest Timing Analyzer
    Info: Version 13.1.0 Build 162 10/23/2013 SJ Web Edition
    Info: Processing started: Sun Oct 12 07:45:56 2025
Info: Command: quartus_sta temporizador -c temporizador
Info: qsta_default_script.tcl version: #1
Info (20030): Parallel compilation is enabled and will use 12 of the 12 processors detected
Info (21077): Low junction temperature is 0 degrees C
Info (21077): High junction temperature is 85 degrees C
Critical Warning (332012): Synopsys Design Constraints File file not found: 'temporizador.sdc'. A Synopsys Design Constraints File is required by the TimeQuest Timing Analyzer to get proper timing constraints. Without it, the Compiler will not properly optimize the design.
Info (332142): No user constrained base clocks found in the design. Calling "derive_clocks -period 1.0"
Info (332105): Deriving Clocks
    Info (332105): create_clock -period 1.000 -name CLOCK_50 CLOCK_50
Info (332143): No user constrained clock uncertainty found in the design. Calling "derive_clock_uncertainty"
Info (332123): Deriving Clock Uncertainty. Please refer to report_sdc in TimeQuest to see clock uncertainties.
Info: Found TIMEQUEST_REPORT_SCRIPT_INCLUDE_DEFAULT_ANALYSIS = ON
Info: Analyzing Slow 1100mV 85C Model
Critical Warning (332148): Timing requirements not met
    Info (11105): For recommendations on closing timing, run Report Timing Closure Recommendations in the TimeQuest Timing Analyzer.
Info (332146): Worst-case setup slack is -2.299
    Info (332119):     Slack       End Point TNS Clock 
    Info (332119): ========= =================== =====================
    Info (332119):    -2.299            -122.181 CLOCK_50 
Info (332146): Worst-case hold slack is 0.366
    Info (332119):     Slack       End Point TNS Clock 
    Info (332119): ========= =================== =====================
    Info (332119):     0.366               0.000 CLOCK_50 
Info (332140): No Recovery paths to report
Info (332140): No Removal paths to report
Info (332146): Worst-case minimum pulse width slack is -0.538
    Info (332119):     Slack       End Point TNS Clock 
    Info (332119): ========= =================== =====================
    Info (332119):    -0.538             -72.718 CLOCK_50 
Info: Analyzing Slow 1100mV 0C Model
Info (334003): Started post-fitting delay annotation
Info (334004): Delay annotation completed successfully
Info (332123): Deriving Clock Uncertainty. Please refer to report_sdc in TimeQuest to see clock uncertainties.
Critical Warning (332148): Timing requirements not met
    Info (11105): For recommendations on closing timing, run Report Timing Closure Recommendations in the TimeQuest Timing Analyzer.
Info (332146): Worst-case setup slack is -2.291
    Info (332119):     Slack       End Point TNS Clock 
    Info (332119): ========= =================== =====================
    Info (332119):    -2.291            -121.828 CLOCK_50 
Info (332146): Worst-case hold slack is 0.351
    Info (332119):     Slack       End Point TNS Clock 
    Info (332119): ========= =================== =====================
    Info (332119):     0.351               0.000 CLOCK_50 
Info (332140): No Recovery paths to report
Info (332140): No Removal paths to report
Info (332146): Worst-case minimum pulse width slack is -0.538
    Info (332119):     Slack       End Point TNS Clock 
    Info (332119): ========= =================== =====================
    Info (332119):    -0.538             -73.945 CLOCK_50 
Info: Analyzing Fast 1100mV 85C Model
Info (334003): Started post-fitting delay annotation
Info (334004): Delay annotation completed successfully
Info (332123): Deriving Clock Uncertainty. Please refer to report_sdc in TimeQuest to see clock uncertainties.
Critical Warning (332148): Timing requirements not met
    Info (11105): For recommendations on closing timing, run Report Timing Closure Recommendations in the TimeQuest Timing Analyzer.
Info (332146): Worst-case setup slack is -0.673
    Info (332119):     Slack       End Point TNS Clock 
    Info (332119): ========= =================== =====================
    Info (332119):    -0.673             -24.759 CLOCK_50 
Info (332146): Worst-case hold slack is 0.178
    Info (332119):     Slack       End Point TNS Clock 
    Info (332119): ========= =================== =====================
    Info (332119):     0.178               0.000 CLOCK_50 
Info (332140): No Recovery paths to report
Info (332140): No Removal paths to report
Info (332146): Worst-case minimum pulse width slack is -0.102
    Info (332119):     Slack       End Point TNS Clock 
    Info (332119): ========= =================== =====================
    Info (332119):    -0.102              -9.121 CLOCK_50 
Info: Analyzing Fast 1100mV 0C Model
Info (332123): Deriving Clock Uncertainty. Please refer to report_sdc in TimeQuest to see clock uncertainties.
Critical Warning (332148): Timing requirements not met
    Info (11105): For recommendations on closing timing, run Report Timing Closure Recommendations in the TimeQuest Timing Analyzer.
Info (332146): Worst-case setup slack is -0.549
    Info (332119):     Slack       End Point TNS Clock 
    Info (332119): ========= =================== =====================
    Info (332119):    -0.549             -19.136 CLOCK_50 
Info (332146): Worst-case hold slack is 0.168
    Info (332119):     Slack       End Point TNS Clock 
    Info (332119): ========= =================== =====================
    Info (332119):     0.168               0.000 CLOCK_50 
Info (332140): No Recovery paths to report
Info (332140): No Removal paths to report
Info (332146): Worst-case minimum pulse width slack is -0.099
    Info (332119):     Slack       End Point TNS Clock 
    Info (332119): ========= =================== =====================
    Info (332119):    -0.099              -8.930 CLOCK_50 
Info (332102): Design is not fully constrained for setup requirements
Info (332102): Design is not fully constrained for hold requirements
Info: Quartus II 64-Bit TimeQuest Timing Analyzer was successful. 0 errors, 5 warnings
    Info: Peak virtual memory: 5009 megabytes
    Info: Processing ended: Sun Oct 12 07:46:04 2025
    Info: Elapsed time: 00:00:08
    Info: Total CPU time (on all processors): 00:00:08


